DayIndex,bounce,duration,session,pags_sess,conv,value,month,day,year,y_mo
1/26/2018,100.00%,0,1,1,0,0,1,26,2018,2018-1
1/27/2018,100.00%,0,1,1,0,0,1,27,2018,2018-1
1/28/2018,100.00%,0,1,1,0,0,1,28,2018,2018-1
1/29/2018,100.00%,0,1,1,0,0,1,29,2018,2018-1
1/30/2018,100.00%,0,1,1,0,0,1,30,2018,2018-1
1/31/2018,100.00%,0,1,1,0,0,1,31,2018,2018-1
2/1/2018,100.00%,0,1,1,0,0,2,1,2018,2018-2
2/2/2018,100.00%,0,1,1,0,0,2,2,2018,2018-2
2/3/2018,100.00%,0,1,1,0,0,2,3,2018,2018-2
2/4/2018,100.00%,0,1,1,0,0,2,4,2018,2018-2
2/5/2018,100.00%,0,1,1,0,0,2,5,2018,2018-2
2/6/2018,100.00%,0,1,1,0,0,2,6,2018,2018-2
2/7/2018,100.00%,0,1,1,0,0,2,7,2018,2018-2
2/8/2018,100.00%,0,1,1,0,0,2,8,2018,2018-2
2/9/2018,100.00%,0,1,1,0,0,2,9,2018,2018-2
2/10/2018,100.00%,0,1,1,0,0,2,10,2018,2018-2
2/11/2018,100.00%,0,1,1,0,0,2,11,2018,2018-2
2/12/2018,100.00%,0,1,1,0,0,2,12,2018,2018-2
2/13/2018,100.00%,0,1,1,0,0,2,13,2018,2018-2
2/14/2018,100.00%,0,1,1,0,0,2,14,2018,2018-2
2/15/2018,100.00%,0,1,1,0,0,2,15,2018,2018-2
2/16/2018,100.00%,0,1,1,0,0,2,16,2018,2018-2
2/17/2018,100.00%,0,1,1,0,0,2,17,2018,2018-2
2/18/2018,100.00%,0,1,1,0,0,2,18,2018,2018-2
2/19/2018,100.00%,0,1,1,0,0,2,19,2018,2018-2
2/20/2018,100.00%,0,1,1,0,0,2,20,2018,2018-2
2/21/2018,100.00%,0,1,1,0,0,2,21,2018,2018-2
2/22/2018,100.00%,0,1,1,0,0,2,22,2018,2018-2
2/23/2018,100.00%,0,2,1,0,0,2,23,2018,2018-2
2/24/2018,100.00%,0,1,1,1,50,2,24,2018,2018-2
2/25/2018,100.00%,0,1,1,0,0,2,25,2018,2018-2
2/26/2018,100.00%,0,1,1,0,0,2,26,2018,2018-2
2/27/2018,100.00%,0,1,1,0,0,2,27,2018,2018-2
2/28/2018,100.00%,0,1,1,0,0,2,28,2018,2018-2
3/1/2018,100.00%,0,1,1,0,0,3,1,2018,2018-3
3/2/2018,100.00%,0,1,1,0,0,3,2,2018,2018-3
3/3/2018,100.00%,0,1,1,0,0,3,3,2018,2018-3
3/4/2018,100.00%,0,1,1,0,0,3,4,2018,2018-3
3/5/2018,100.00%,0,1,1,0,0,3,5,2018,2018-3
3/6/2018,100.00%,0,1,1,0,0,3,6,2018,2018-3
3/7/2018,100.00%,0,1,1,0,0,3,7,2018,2018-3
3/8/2018,100.00%,0,1,1,0,0,3,8,2018,2018-3
3/9/2018,100.00%,0,1,1,0,0,3,9,2018,2018-3
3/10/2018,100.00%,0,1,1,0,0,3,10,2018,2018-3
3/11/2018,100.00%,0,1,1,0,0,3,11,2018,2018-3
3/12/2018,100.00%,0,1,1,0,0,3,12,2018,2018-3
3/13/2018,100.00%,0,1,1,0,0,3,13,2018,2018-3
3/14/2018,100.00%,0,2,1,0,0,3,14,2018,2018-3
3/15/2018,100.00%,0,1,1,0,0,3,15,2018,2018-3
3/16/2018,100.00%,0,1,1,0,0,3,16,2018,2018-3
3/17/2018,100.00%,0,1,1,0,0,3,17,2018,2018-3
3/18/2018,100.00%,0,1,1,0,0,3,18,2018,2018-3
3/19/2018,100.00%,0,1,1,0,0,3,19,2018,2018-3
3/20/2018,100.00%,0,1,1,0,0,3,20,2018,2018-3
3/21/2018,100.00%,0,1,1,1,50,3,21,2018,2018-3
3/22/2018,100.00%,0,1,1,1,50,3,22,2018,2018-3
3/23/2018,100.00%,0,1,1,1,50,3,23,2018,2018-3
3/24/2018,100.00%,0,1,1,1,50,3,24,2018,2018-3
3/25/2018,100.00%,0,1,1,1,50,3,25,2018,2018-3
3/26/2018,100.00%,0,1,1,1,50,3,26,2018,2018-3
3/27/2018,100.00%,0,1,1,0,0,3,27,2018,2018-3
3/28/2018,100.00%,0,1,1,1,50,3,28,2018,2018-3
3/29/2018,100.00%,0,1,1,0,0,3,29,2018,2018-3
3/30/2018,100.00%,0,1,1,1,50,3,30,2018,2018-3
3/31/2018,100.00%,0,1,1,0,0,3,31,2018,2018-3
4/1/2018,100.00%,0,1,1,0,0,4,1,2018,2018-4
4/2/2018,100.00%,0,1,1,0,0,4,2,2018,2018-4
4/3/2018,100.00%,0,1,1,0,0,4,3,2018,2018-4
4/4/2018,100.00%,0,2,1,0,0,4,4,2018,2018-4
4/5/2018,100.00%,0,1,1,0,0,4,5,2018,2018-4
4/6/2018,100.00%,0,1,1,0,0,4,6,2018,2018-4
4/7/2018,100.00%,0,1,1,0,0,4,7,2018,2018-4
4/8/2018,100.00%,0,1,1,0,0,4,8,2018,2018-4
4/9/2018,100.00%,0,1,1,0,0,4,9,2018,2018-4
4/10/2018,100.00%,0,1,1,0,0,4,10,2018,2018-4
4/11/2018,100.00%,0,1,1,0,0,4,11,2018,2018-4
4/12/2018,100.00%,0,1,1,0,0,4,12,2018,2018-4
4/13/2018,100.00%,0,1,1,0,0,4,13,2018,2018-4
4/14/2018,100.00%,0,2,1,0,0,4,14,2018,2018-4
4/15/2018,100.00%,0,1,1,0,0,4,15,2018,2018-4
4/16/2018,100.00%,0,1,1,0,0,4,16,2018,2018-4
4/17/2018,100.00%,0,1,1,0,0,4,17,2018,2018-4
4/18/2018,100.00%,0,1,1,1,50,4,18,2018,2018-4
4/19/2018,100.00%,0,1,1,1,50,4,19,2018,2018-4
4/20/2018,100.00%,0,1,1,0,0,4,20,2018,2018-4
4/21/2018,100.00%,0,1,1,1,50,4,21,2018,2018-4
4/22/2018,100.00%,0,1,1,0,0,4,22,2018,2018-4
4/23/2018,100.00%,0,1,1,1,50,4,23,2018,2018-4
4/24/2018,100.00%,0,1,1,1,50,4,24,2018,2018-4
4/25/2018,100.00%,0,1,1,0,0,4,25,2018,2018-4
4/26/2018,100.00%,0,1,1,1,100,4,26,2018,2018-4
4/27/2018,100.00%,0,1,1,1,100,4,27,2018,2018-4
4/28/2018,100.00%,0,1,1,1,100,4,28,2018,2018-4
4/29/2018,100.00%,0,1,1,1,50,4,29,2018,2018-4
4/30/2018,0.00%,11,1,2,0,0,4,30,2018,2018-4
5/1/2018,0.00%,32,1,1,0,0,5,1,2018,2018-5
5/2/2018,0.00%,19,1,1,0,0,5,2,2018,2018-5
5/3/2018,0.00%,1831,1,1,0,0,5,3,2018,2018-5
5/4/2018,0.00%,1410,1,1,1,50,5,4,2018,2018-5
5/5/2018,0.00%,0,0,0,1,50,5,5,2018,2018-5
5/6/2018,0.00%,35,1,2,1,50,5,6,2018,2018-5
5/7/2018,0.00%,1530,1,1,0,0,5,7,2018,2018-5
5/8/2018,0.00%,1256,1,1,0,0,5,8,2018,2018-5
5/9/2018,0.00%,1236,1,1,0,0,5,9,2018,2018-5
5/10/2018,0.00%,0,1,2,0,0,5,10,2018,2018-5
5/11/2018,0.00%,236,1,4,0,0,5,11,2018,2018-5
5/12/2018,0.00%,0,0,0,1,50,5,12,2018,2018-5
5/13/2018,0.00%,1060,1,1,0,0,5,13,2018,2018-5
5/14/2018,0.00%,38,1,2,0,0,5,14,2018,2018-5
5/15/2018,0.00%,1103,1,1,0,0,5,15,2018,2018-5
5/16/2018,0.00%,413,1,1,0,0,5,16,2018,2018-5
5/17/2018,0.00%,36,1,1,0,0,5,17,2018,2018-5
5/18/2018,0.00%,26,1,2,0,0,5,18,2018,2018-5
5/19/2018,0.00%,153,1,1,0,0,5,19,2018,2018-5
5/20/2018,0.00%,95,1,2,0,0,5,20,2018,2018-5
5/21/2018,0.00%,267,1,1,0,0,5,21,2018,2018-5
5/22/2018,0.00%,64,1,1,0,0,5,22,2018,2018-5
5/23/2018,0.00%,397,1,1,1,100,5,23,2018,2018-5
5/24/2018,0.00%,16,1,4,1,100,5,24,2018,2018-5
5/25/2018,0.00%,384,1,1,0,0,5,25,2018,2018-5
5/26/2018,0.00%,0,0,0,1,100,5,26,2018,2018-5
5/27/2018,100.00%,0,1,1,0,0,5,27,2018,2018-5
5/28/2018,100.00%,0,1,1,0,0,5,28,2018,2018-5
5/29/2018,100.00%,0,1,1,0,0,5,29,2018,2018-5
5/30/2018,100.00%,0,1,1,0,0,5,30,2018,2018-5
5/31/2018,100.00%,0,1,1,0,0,5,31,2018,2018-5
6/1/2018,100.00%,0,1,1,0,0,6,1,2018,2018-6
6/2/2018,100.00%,0,1,1,0,0,6,2,2018,2018-6
6/3/2018,100.00%,0,1,1,0,0,6,3,2018,2018-6
6/4/2018,100.00%,0,1,1,0,0,6,4,2018,2018-6
6/5/2018,100.00%,0,1,1,0,0,6,5,2018,2018-6
6/6/2018,100.00%,0,1,1,0,0,6,6,2018,2018-6
6/7/2018,100.00%,0,1,1,0,0,6,7,2018,2018-6
6/8/2018,100.00%,0,1,1,0,0,6,8,2018,2018-6
6/9/2018,100.00%,0,1,1,0,0,6,9,2018,2018-6
6/10/2018,100.00%,0,1,1,0,0,6,10,2018,2018-6
6/11/2018,100.00%,0,1,1,0,0,6,11,2018,2018-6
6/12/2018,100.00%,0,1,1,0,0,6,12,2018,2018-6
6/13/2018,100.00%,0,1,1,0,0,6,13,2018,2018-6
6/14/2018,100.00%,0,1,1,0,0,6,14,2018,2018-6
6/15/2018,100.00%,0,1,1,0,0,6,15,2018,2018-6
6/16/2018,100.00%,0,1,1,0,0,6,16,2018,2018-6
6/17/2018,100.00%,0,1,1,0,0,6,17,2018,2018-6
6/18/2018,100.00%,0,1,1,0,0,6,18,2018,2018-6
6/19/2018,100.00%,0,1,1,0,0,6,19,2018,2018-6
6/20/2018,100.00%,0,1,1,0,0,6,20,2018,2018-6
6/21/2018,100.00%,0,1,1,0,0,6,21,2018,2018-6
6/22/2018,100.00%,0,1,1,0,0,6,22,2018,2018-6
6/23/2018,100.00%,0,1,1,0,0,6,23,2018,2018-6
6/24/2018,100.00%,0,2,1,0,0,6,24,2018,2018-6
6/25/2018,100.00%,0,1,1,1,50,6,25,2018,2018-6
6/26/2018,100.00%,0,1,1,0,0,6,26,2018,2018-6
6/27/2018,100.00%,0,1,1,0,0,6,27,2018,2018-6
6/28/2018,100.00%,0,1,1,0,0,6,28,2018,2018-6
6/29/2018,100.00%,0,1,1,0,0,6,29,2018,2018-6
6/30/2018,100.00%,0,1,1,0,0,6,30,2018,2018-6
7/1/2018,100.00%,0,1,1,0,0,7,1,2018,2018-7
7/2/2018,100.00%,0,1,1,0,0,7,2,2018,2018-7
7/3/2018,100.00%,0,1,1,0,0,7,3,2018,2018-7
7/4/2018,100.00%,0,1,1,0,0,7,4,2018,2018-7
7/5/2018,100.00%,0,1,1,0,0,7,5,2018,2018-7
7/6/2018,100.00%,0,1,1,0,0,7,6,2018,2018-7
7/7/2018,100.00%,0,1,1,0,0,7,7,2018,2018-7
7/8/2018,100.00%,0,1,1,0,0,7,8,2018,2018-7
7/9/2018,100.00%,0,1,1,0,0,7,9,2018,2018-7
7/10/2018,100.00%,0,1,1,0,0,7,10,2018,2018-7
7/11/2018,100.00%,0,1,1,0,0,7,11,2018,2018-7
7/12/2018,100.00%,0,1,1,0,0,7,12,2018,2018-7
7/13/2018,100.00%,0,2,1,0,0,7,13,2018,2018-7
7/14/2018,100.00%,0,1,1,0,0,7,14,2018,2018-7
7/15/2018,100.00%,0,1,1,0,0,7,15,2018,2018-7
7/16/2018,100.00%,0,1,1,0,0,7,16,2018,2018-7
7/17/2018,100.00%,0,1,1,0,0,7,17,2018,2018-7
7/18/2018,100.00%,0,1,1,0,0,7,18,2018,2018-7
7/19/2018,100.00%,0,1,1,0,0,7,19,2018,2018-7
7/20/2018,100.00%,0,1,1,1,50,7,20,2018,2018-7
7/21/2018,100.00%,0,1,1,1,50,7,21,2018,2018-7
7/22/2018,100.00%,0,1,1,1,50,7,22,2018,2018-7
7/23/2018,100.00%,0,1,1,1,50,7,23,2018,2018-7
7/24/2018,100.00%,0,1,1,1,50,7,24,2018,2018-7
7/25/2018,100.00%,0,1,1,1,50,7,25,2018,2018-7
7/26/2018,100.00%,0,1,1,0,0,7,26,2018,2018-7
7/27/2018,100.00%,0,1,1,1,50,7,27,2018,2018-7
7/28/2018,100.00%,0,1,1,0,0,7,28,2018,2018-7
7/29/2018,100.00%,0,1,1,1,50,7,29,2018,2018-7
7/30/2018,100.00%,0,1,1,0,0,7,30,2018,2018-7
7/31/2018,100.00%,0,1,1,0,0,7,31,2018,2018-7
8/1/2018,100.00%,0,1,1,0,0,8,1,2018,2018-8
8/2/2018,100.00%,0,1,1,0,0,8,2,2018,2018-8
8/3/2018,100.00%,0,2,1,0,0,8,3,2018,2018-8
8/4/2018,100.00%,0,1,1,0,0,8,4,2018,2018-8
8/5/2018,100.00%,0,1,1,0,0,8,5,2018,2018-8
8/6/2018,100.00%,0,1,1,0,0,8,6,2018,2018-8
8/7/2018,100.00%,0,1,1,0,0,8,7,2018,2018-8
8/8/2018,100.00%,0,1,1,0,0,8,8,2018,2018-8
8/9/2018,100.00%,0,1,1,0,0,8,9,2018,2018-8
8/10/2018,100.00%,0,1,1,0,0,8,10,2018,2018-8
8/11/2018,100.00%,0,1,1,0,0,8,11,2018,2018-8
8/12/2018,100.00%,0,1,1,0,0,8,12,2018,2018-8
8/13/2018,100.00%,0,2,1,0,0,8,13,2018,2018-8
8/14/2018,100.00%,0,1,1,0,0,8,14,2018,2018-8
8/15/2018,100.00%,0,1,1,0,0,8,15,2018,2018-8
8/16/2018,100.00%,0,1,1,0,0,8,16,2018,2018-8
8/17/2018,100.00%,0,1,1,1,50,8,17,2018,2018-8
8/18/2018,100.00%,0,1,1,1,50,8,18,2018,2018-8
8/19/2018,100.00%,0,1,1,0,0,8,19,2018,2018-8
8/20/2018,100.00%,0,1,1,1,50,8,20,2018,2018-8
8/21/2018,100.00%,0,1,1,0,0,8,21,2018,2018-8
8/22/2018,100.00%,0,1,1,1,50,8,22,2018,2018-8
8/23/2018,100.00%,0,1,1,1,50,8,23,2018,2018-8
8/24/2018,100.00%,0,1,1,0,0,8,24,2018,2018-8
8/25/2018,100.00%,0,1,1,1,100,8,25,2018,2018-8
8/26/2018,100.00%,0,1,1,1,100,8,26,2018,2018-8
8/27/2018,100.00%,0,1,1,1,100,8,27,2018,2018-8
8/28/2018,100.00%,0,1,1,1,50,8,28,2018,2018-8
8/29/2018,0.00%,11,1,2,0,0,8,29,2018,2018-8
8/30/2018,0.00%,32,1,1,0,0,8,30,2018,2018-8
8/31/2018,0.00%,19,1,1,0,0,8,31,2018,2018-8
9/1/2018,0.00%,1831,1,1,0,0,9,1,2018,2018-9
9/2/2018,0.00%,1410,1,1,1,50,9,2,2018,2018-9
9/3/2018,0.00%,0,0,0,1,50,9,3,2018,2018-9
9/4/2018,0.00%,35,1,2,1,50,9,4,2018,2018-9
9/5/2018,0.00%,1530,1,1,0,0,9,5,2018,2018-9
9/6/2018,0.00%,1256,1,1,0,0,9,6,2018,2018-9
9/7/2018,0.00%,1236,1,1,0,0,9,7,2018,2018-9
9/8/2018,0.00%,0,1,2,0,0,9,8,2018,2018-9
9/9/2018,0.00%,236,1,4,0,0,9,9,2018,2018-9
9/10/2018,0.00%,0,0,0,1,50,9,10,2018,2018-9
9/11/2018,0.00%,1060,1,1,0,0,9,11,2018,2018-9
9/12/2018,0.00%,38,1,2,0,0,9,12,2018,2018-9
9/13/2018,0.00%,1103,1,1,0,0,9,13,2018,2018-9
9/14/2018,0.00%,413,1,1,0,0,9,14,2018,2018-9
9/15/2018,0.00%,36,1,1,0,0,9,15,2018,2018-9
9/16/2018,0.00%,26,1,2,0,0,9,16,2018,2018-9
9/17/2018,0.00%,153,1,1,0,0,9,17,2018,2018-9
9/18/2018,0.00%,95,1,2,0,0,9,18,2018,2018-9
9/19/2018,0.00%,267,1,1,0,0,9,19,2018,2018-9
9/20/2018,0.00%,64,1,1,0,0,9,20,2018,2018-9
9/21/2018,0.00%,397,1,1,1,100,9,21,2018,2018-9
9/22/2018,0.00%,16,1,4,1,100,9,22,2018,2018-9
9/23/2018,0.00%,384,1,1,0,0,9,23,2018,2018-9
9/24/2018,0.00%,0,0,0,1,100,9,24,2018,2018-9
9/25/2018,100.00%,0,1,1,0,0,9,25,2018,2018-9
9/26/2018,100.00%,0,1,1,0,0,9,26,2018,2018-9
9/27/2018,100.00%,0,1,1,0,0,9,27,2018,2018-9
9/28/2018,100.00%,0,1,1,0,0,9,28,2018,2018-9
9/29/2018,100.00%,0,1,1,0,0,9,29,2018,2018-9
9/30/2018,100.00%,0,1,1,0,0,9,30,2018,2018-9
10/1/2018,100.00%,0,1,1,0,0,10,1,2018,2018-10
10/2/2018,100.00%,0,1,1,0,0,10,2,2018,2018-10
10/3/2018,100.00%,0,1,1,0,0,10,3,2018,2018-10
10/4/2018,100.00%,0,1,1,0,0,10,4,2018,2018-10
10/5/2018,100.00%,0,1,1,0,0,10,5,2018,2018-10
10/6/2018,100.00%,0,1,1,0,0,10,6,2018,2018-10
10/7/2018,100.00%,0,1,1,0,0,10,7,2018,2018-10
10/8/2018,100.00%,0,1,1,0,0,10,8,2018,2018-10
10/9/2018,100.00%,0,1,1,0,0,10,9,2018,2018-10
10/10/2018,100.00%,0,1,1,0,0,10,10,2018,2018-10
10/11/2018,100.00%,0,1,1,0,0,10,11,2018,2018-10
10/12/2018,100.00%,0,1,1,0,0,10,12,2018,2018-10
10/13/2018,100.00%,0,1,1,0,0,10,13,2018,2018-10
10/14/2018,100.00%,0,1,1,0,0,10,14,2018,2018-10
10/15/2018,100.00%,0,1,1,0,0,10,15,2018,2018-10
10/16/2018,100.00%,0,1,1,0,0,10,16,2018,2018-10
10/17/2018,100.00%,0,1,1,0,0,10,17,2018,2018-10
10/18/2018,100.00%,0,1,1,0,0,10,18,2018,2018-10
10/19/2018,100.00%,0,1,1,0,0,10,19,2018,2018-10
10/20/2018,100.00%,0,1,1,0,0,10,20,2018,2018-10
10/21/2018,100.00%,0,1,1,0,0,10,21,2018,2018-10
10/22/2018,100.00%,0,1,1,0,0,10,22,2018,2018-10
10/23/2018,100.00%,0,2,1,0,0,10,23,2018,2018-10
10/24/2018,100.00%,0,1,1,1,50,10,24,2018,2018-10
10/25/2018,100.00%,0,1,1,0,0,10,25,2018,2018-10
10/26/2018,100.00%,0,1,1,0,0,10,26,2018,2018-10
10/27/2018,100.00%,0,1,1,0,0,10,27,2018,2018-10
10/28/2018,100.00%,0,1,1,0,0,10,28,2018,2018-10
10/29/2018,100.00%,0,1,1,0,0,10,29,2018,2018-10
10/30/2018,100.00%,0,1,1,0,0,10,30,2018,2018-10
10/31/2018,100.00%,0,1,1,0,0,10,31,2018,2018-10
11/1/2018,100.00%,0,1,1,0,0,11,1,2018,2018-11
11/2/2018,100.00%,0,1,1,0,0,11,2,2018,2018-11
11/3/2018,100.00%,0,1,1,0,0,11,3,2018,2018-11
11/4/2018,100.00%,0,1,1,0,0,11,4,2018,2018-11
11/5/2018,100.00%,0,1,1,0,0,11,5,2018,2018-11
11/6/2018,100.00%,0,1,1,0,0,11,6,2018,2018-11
11/7/2018,100.00%,0,1,1,0,0,11,7,2018,2018-11
11/8/2018,100.00%,0,1,1,0,0,11,8,2018,2018-11
11/9/2018,100.00%,0,1,1,0,0,11,9,2018,2018-11
11/10/2018,100.00%,0,1,1,0,0,11,10,2018,2018-11
11/11/2018,100.00%,0,2,1,0,0,11,11,2018,2018-11
11/12/2018,100.00%,0,1,1,0,0,11,12,2018,2018-11
11/13/2018,100.00%,0,1,1,0,0,11,13,2018,2018-11
11/14/2018,100.00%,0,1,1,0,0,11,14,2018,2018-11
11/15/2018,100.00%,0,1,1,0,0,11,15,2018,2018-11
11/16/2018,100.00%,0,1,1,0,0,11,16,2018,2018-11
11/17/2018,100.00%,0,1,1,0,0,11,17,2018,2018-11
11/18/2018,100.00%,0,1,1,1,50,11,18,2018,2018-11
11/19/2018,100.00%,0,1,1,1,50,11,19,2018,2018-11
11/20/2018,100.00%,0,1,1,1,50,11,20,2018,2018-11
11/21/2018,100.00%,0,1,1,1,50,11,21,2018,2018-11
11/22/2018,100.00%,0,1,1,1,50,11,22,2018,2018-11
11/23/2018,100.00%,0,1,1,1,50,11,23,2018,2018-11
11/24/2018,100.00%,0,1,1,0,0,11,24,2018,2018-11
11/25/2018,100.00%,0,1,1,1,50,11,25,2018,2018-11
11/26/2018,100.00%,0,1,1,0,0,11,26,2018,2018-11
11/27/2018,100.00%,0,1,1,1,50,11,27,2018,2018-11
11/28/2018,100.00%,0,1,1,0,0,11,28,2018,2018-11
11/29/2018,100.00%,0,1,1,0,0,11,29,2018,2018-11
11/30/2018,100.00%,0,1,1,0,0,11,30,2018,2018-11
12/1/2018,100.00%,0,1,1,0,0,12,1,2018,2018-12
12/2/2018,100.00%,0,2,1,0,0,12,2,2018,2018-12
12/3/2018,100.00%,0,1,1,0,0,12,3,2018,2018-12
12/4/2018,100.00%,0,1,1,0,0,12,4,2018,2018-12
12/5/2018,100.00%,0,1,1,0,0,12,5,2018,2018-12
12/6/2018,100.00%,0,1,1,0,0,12,6,2018,2018-12
12/7/2018,100.00%,0,1,1,0,0,12,7,2018,2018-12
12/8/2018,100.00%,0,1,1,0,0,12,8,2018,2018-12
12/9/2018,100.00%,0,1,1,0,0,12,9,2018,2018-12
12/10/2018,100.00%,0,1,1,0,0,12,10,2018,2018-12
12/11/2018,100.00%,0,1,1,0,0,12,11,2018,2018-12
12/12/2018,100.00%,0,2,1,0,0,12,12,2018,2018-12
12/13/2018,100.00%,0,1,1,0,0,12,13,2018,2018-12
12/14/2018,100.00%,0,1,1,0,0,12,14,2018,2018-12
12/15/2018,100.00%,0,1,1,0,0,12,15,2018,2018-12
12/16/2018,100.00%,0,1,1,1,50,12,16,2018,2018-12
12/17/2018,100.00%,0,1,1,1,50,12,17,2018,2018-12
12/18/2018,100.00%,0,1,1,0,0,12,18,2018,2018-12
12/19/2018,100.00%,0,1,1,1,50,12,19,2018,2018-12
12/20/2018,100.00%,0,1,1,0,0,12,20,2018,2018-12
12/21/2018,100.00%,0,1,1,1,50,12,21,2018,2018-12
12/22/2018,100.00%,0,1,1,1,50,12,22,2018,2018-12
12/23/2018,100.00%,0,1,1,0,0,12,23,2018,2018-12
12/24/2018,100.00%,0,1,1,1,100,12,24,2018,2018-12
12/25/2018,100.00%,0,1,1,1,100,12,25,2018,2018-12
12/26/2018,100.00%,0,1,1,1,100,12,26,2018,2018-12
12/27/2018,100.00%,0,1,1,1,50,12,27,2018,2018-12
12/28/2018,0.00%,11,1,2,0,0,12,28,2018,2018-12
12/29/2018,0.00%,32,1,1,0,0,12,29,2018,2018-12
12/30/2018,0.00%,19,1,1,0,0,12,30,2018,2018-12
12/31/2018,0.00%,1831,1,1,0,0,12,31,2018,2018-12
1/1/2019,0.00%,1410,1,1,1,50,1,1,2019,2019-1
1/2/2019,0.00%,0,0,0,1,50,1,2,2019,2019-1
1/3/2019,0.00%,35,1,2,1,50,1,3,2019,2019-1
1/4/2019,0.00%,1530,1,1,0,0,1,4,2019,2019-1
1/5/2019,0.00%,1256,1,1,0,0,1,5,2019,2019-1
1/6/2019,0.00%,1236,1,1,0,0,1,6,2019,2019-1
1/7/2019,0.00%,0,1,2,0,0,1,7,2019,2019-1
1/8/2019,0.00%,236,1,4,0,0,1,8,2019,2019-1
1/9/2019,0.00%,0,0,0,1,50,1,9,2019,2019-1
1/10/2019,0.00%,1060,1,1,0,0,1,10,2019,2019-1
1/11/2019,0.00%,38,1,2,0,0,1,11,2019,2019-1
1/12/2019,0.00%,1103,1,1,0,0,1,12,2019,2019-1
1/13/2019,0.00%,413,1,1,0,0,1,13,2019,2019-1
1/14/2019,0.00%,36,1,1,0,0,1,14,2019,2019-1
1/15/2019,0.00%,26,1,2,0,0,1,15,2019,2019-1
1/16/2019,0.00%,153,1,1,0,0,1,16,2019,2019-1
1/17/2019,0.00%,95,1,2,0,0,1,17,2019,2019-1
1/18/2019,0.00%,267,1,1,0,0,1,18,2019,2019-1
1/19/2019,0.00%,64,1,1,0,0,1,19,2019,2019-1
1/20/2019,0.00%,397,1,1,1,100,1,20,2019,2019-1
1/21/2019,0.00%,16,1,4,1,100,1,21,2019,2019-1
1/22/2019,0.00%,384,1,1,0,0,1,22,2019,2019-1
1/23/2019,0.00%,0,0,0,1,100,1,23,2019,2019-1
1/24/2019,100.00%,0,1,1,0,0,1,24,2019,2019-1
1/25/2019,100.00%,0,1,1,0,0,1,25,2019,2019-1
1/26/2019,100.00%,0,1,1,0,0,1,26,2019,2019-1
1/27/2019,100.00%,0,1,1,0,0,1,27,2019,2019-1
1/28/2019,100.00%,0,1,1,0,0,1,28,2019,2019-1
1/29/2019,100.00%,0,1,1,0,0,1,29,2019,2019-1
1/30/2019,100.00%,0,1,1,0,0,1,30,2019,2019-1
1/31/2019,100.00%,0,1,1,0,0,1,31,2019,2019-1
2/1/2019,100.00%,0,1,1,0,0,2,1,2019,2019-2
2/2/2019,100.00%,0,1,1,0,0,2,2,2019,2019-2
2/3/2019,100.00%,0,1,1,0,0,2,3,2019,2019-2
2/4/2019,100.00%,0,1,1,0,0,2,4,2019,2019-2
2/5/2019,100.00%,0,1,1,0,0,2,5,2019,2019-2
2/6/2019,100.00%,0,1,1,0,0,2,6,2019,2019-2
2/7/2019,100.00%,0,1,1,0,0,2,7,2019,2019-2
2/8/2019,100.00%,0,1,1,0,0,2,8,2019,2019-2
2/9/2019,100.00%,0,1,1,0,0,2,9,2019,2019-2
2/10/2019,100.00%,0,1,1,0,0,2,10,2019,2019-2
2/11/2019,100.00%,0,1,1,0,0,2,11,2019,2019-2
2/12/2019,100.00%,0,1,1,0,0,2,12,2019,2019-2
2/13/2019,100.00%,0,1,1,0,0,2,13,2019,2019-2
2/14/2019,100.00%,0,1,1,0,0,2,14,2019,2019-2
2/15/2019,100.00%,0,1,1,0,0,2,15,2019,2019-2
2/16/2019,100.00%,0,1,1,0,0,2,16,2019,2019-2
2/17/2019,100.00%,0,1,1,0,0,2,17,2019,2019-2
2/18/2019,100.00%,0,1,1,0,0,2,18,2019,2019-2
2/19/2019,100.00%,0,1,1,0,0,2,19,2019,2019-2
2/20/2019,100.00%,0,1,1,0,0,2,20,2019,2019-2
2/21/2019,100.00%,0,2,1,0,0,2,21,2019,2019-2
2/22/2019,100.00%,0,1,1,1,50,2,22,2019,2019-2
2/23/2019,100.00%,0,1,1,0,0,2,23,2019,2019-2
2/24/2019,100.00%,0,1,1,0,0,2,24,2019,2019-2
2/25/2019,100.00%,0,1,1,0,0,2,25,2019,2019-2
2/26/2019,100.00%,0,1,1,0,0,2,26,2019,2019-2
2/27/2019,100.00%,0,1,1,0,0,2,27,2019,2019-2
2/28/2019,100.00%,0,1,1,0,0,2,28,2019,2019-2
3/1/2019,100.00%,0,1,1,0,0,3,1,2019,2019-3
3/2/2019,100.00%,0,1,1,0,0,3,2,2019,2019-3
3/3/2019,100.00%,0,1,1,0,0,3,3,2019,2019-3
3/4/2019,100.00%,0,1,1,0,0,3,4,2019,2019-3
3/5/2019,100.00%,0,1,1,0,0,3,5,2019,2019-3
3/6/2019,100.00%,0,1,1,0,0,3,6,2019,2019-3
3/7/2019,100.00%,0,1,1,0,0,3,7,2019,2019-3
3/8/2019,100.00%,0,1,1,0,0,3,8,2019,2019-3
3/9/2019,100.00%,0,1,1,0,0,3,9,2019,2019-3
3/10/2019,100.00%,0,1,1,0,0,3,10,2019,2019-3
3/11/2019,100.00%,0,1,1,0,0,3,11,2019,2019-3
3/12/2019,100.00%,0,2,1,0,0,3,12,2019,2019-3
3/13/2019,100.00%,0,1,1,0,0,3,13,2019,2019-3
3/14/2019,100.00%,0,1,1,0,0,3,14,2019,2019-3
3/15/2019,100.00%,0,1,1,0,0,3,15,2019,2019-3
3/16/2019,100.00%,0,1,1,0,0,3,16,2019,2019-3
3/17/2019,100.00%,0,1,1,0,0,3,17,2019,2019-3
3/18/2019,100.00%,0,1,1,0,0,3,18,2019,2019-3
3/19/2019,100.00%,0,1,1,1,50,3,19,2019,2019-3
3/20/2019,100.00%,0,1,1,1,50,3,20,2019,2019-3
3/21/2019,100.00%,0,1,1,1,50,3,21,2019,2019-3
3/22/2019,100.00%,0,1,1,1,50,3,22,2019,2019-3
3/23/2019,100.00%,0,1,1,1,50,3,23,2019,2019-3
3/24/2019,100.00%,0,1,1,1,50,3,24,2019,2019-3
3/25/2019,100.00%,0,1,1,0,0,3,25,2019,2019-3
3/26/2019,100.00%,0,1,1,1,50,3,26,2019,2019-3
3/27/2019,100.00%,0,1,1,0,0,3,27,2019,2019-3
3/28/2019,100.00%,0,1,1,1,50,3,28,2019,2019-3
3/29/2019,100.00%,0,1,1,0,0,3,29,2019,2019-3
3/30/2019,100.00%,0,1,1,0,0,3,30,2019,2019-3
3/31/2019,100.00%,0,1,1,0,0,3,31,2019,2019-3
4/1/2019,100.00%,0,1,1,0,0,4,1,2019,2019-4
4/2/2019,100.00%,0,2,1,0,0,4,2,2019,2019-4
4/3/2019,100.00%,0,1,1,0,0,4,3,2019,2019-4
4/4/2019,100.00%,0,1,1,0,0,4,4,2019,2019-4
4/5/2019,100.00%,0,1,1,0,0,4,5,2019,2019-4
4/6/2019,100.00%,0,1,1,0,0,4,6,2019,2019-4
4/7/2019,100.00%,0,1,1,0,0,4,7,2019,2019-4
4/8/2019,100.00%,0,1,1,0,0,4,8,2019,2019-4
4/9/2019,100.00%,0,1,1,0,0,4,9,2019,2019-4
4/10/2019,100.00%,0,1,1,0,0,4,10,2019,2019-4
4/11/2019,100.00%,0,1,1,0,0,4,11,2019,2019-4
4/12/2019,100.00%,0,2,1,0,0,4,12,2019,2019-4
4/13/2019,100.00%,0,1,1,0,0,4,13,2019,2019-4
4/14/2019,100.00%,0,1,1,0,0,4,14,2019,2019-4
4/15/2019,100.00%,0,1,1,0,0,4,15,2019,2019-4
4/16/2019,100.00%,0,1,1,1,50,4,16,2019,2019-4
4/17/2019,100.00%,0,1,1,1,50,4,17,2019,2019-4
4/18/2019,100.00%,0,1,1,0,0,4,18,2019,2019-4
4/19/2019,100.00%,0,1,1,1,50,4,19,2019,2019-4
4/20/2019,100.00%,0,1,1,0,0,4,20,2019,2019-4
4/21/2019,100.00%,0,1,1,1,50,4,21,2019,2019-4
4/22/2019,100.00%,0,1,1,1,50,4,22,2019,2019-4
4/23/2019,100.00%,0,1,1,0,0,4,23,2019,2019-4
4/24/2019,100.00%,0,1,1,1,100,4,24,2019,2019-4
4/25/2019,100.00%,0,1,1,1,100,4,25,2019,2019-4
4/26/2019,100.00%,0,1,1,1,100,4,26,2019,2019-4
4/27/2019,100.00%,0,1,1,1,50,4,27,2019,2019-4
4/28/2019,0.00%,11,1,2,0,0,4,28,2019,2019-4
4/29/2019,0.00%,32,1,1,0,0,4,29,2019,2019-4
4/30/2019,0.00%,19,1,1,0,0,4,30,2019,2019-4
5/1/2019,0.00%,1831,1,1,0,0,5,1,2019,2019-5
5/2/2019,0.00%,1410,1,1,1,50,5,2,2019,2019-5
5/3/2019,0.00%,0,0,0,1,50,5,3,2019,2019-5
5/4/2019,0.00%,35,1,2,1,50,5,4,2019,2019-5
5/5/2019,0.00%,1530,1,1,0,0,5,5,2019,2019-5
5/6/2019,0.00%,1256,1,1,0,0,5,6,2019,2019-5
5/7/2019,0.00%,1236,1,1,0,0,5,7,2019,2019-5
5/8/2019,0.00%,0,1,2,0,0,5,8,2019,2019-5
5/9/2019,0.00%,236,1,4,0,0,5,9,2019,2019-5
5/10/2019,0.00%,0,0,0,1,50,5,10,2019,2019-5
5/11/2019,0.00%,1060,1,1,0,0,5,11,2019,2019-5
5/12/2019,0.00%,38,1,2,0,0,5,12,2019,2019-5
5/13/2019,0.00%,1103,1,1,0,0,5,13,2019,2019-5
5/14/2019,0.00%,413,1,1,0,0,5,14,2019,2019-5
5/15/2019,0.00%,36,1,1,0,0,5,15,2019,2019-5
5/16/2019,0.00%,26,1,2,0,0,5,16,2019,2019-5
5/17/2019,0.00%,153,1,1,0,0,5,17,2019,2019-5
5/18/2019,0.00%,95,1,2,0,0,5,18,2019,2019-5
5/19/2019,0.00%,267,1,1,0,0,5,19,2019,2019-5
5/20/2019,0.00%,64,1,1,0,0,5,20,2019,2019-5
5/21/2019,0.00%,397,1,1,1,100,5,21,2019,2019-5
5/22/2019,0.00%,16,1,4,1,100,5,22,2019,2019-5
5/23/2019,0.00%,384,1,1,0,0,5,23,2019,2019-5
5/24/2019,0.00%,0,0,0,1,100,5,24,2019,2019-5
5/25/2019,100.00%,0,1,1,0,0,5,25,2019,2019-5
5/26/2019,100.00%,0,1,1,0,0,5,26,2019,2019-5
5/27/2019,100.00%,0,1,1,0,0,5,27,2019,2019-5
5/28/2019,100.00%,0,1,1,0,0,5,28,2019,2019-5
5/29/2019,100.00%,0,1,1,0,0,5,29,2019,2019-5
5/30/2019,100.00%,0,1,1,0,0,5,30,2019,2019-5
5/31/2019,100.00%,0,1,1,0,0,5,31,2019,2019-5
6/1/2019,100.00%,0,1,1,0,0,6,1,2019,2019-6
6/2/2019,100.00%,0,1,1,0,0,6,2,2019,2019-6
6/3/2019,100.00%,0,1,1,0,0,6,3,2019,2019-6
6/4/2019,100.00%,0,1,1,0,0,6,4,2019,2019-6
6/5/2019,100.00%,0,1,1,0,0,6,5,2019,2019-6
6/6/2019,100.00%,0,1,1,0,0,6,6,2019,2019-6
6/7/2019,100.00%,0,1,1,0,0,6,7,2019,2019-6
6/8/2019,100.00%,0,1,1,0,0,6,8,2019,2019-6
6/9/2019,100.00%,0,1,1,0,0,6,9,2019,2019-6
6/10/2019,100.00%,0,1,1,0,0,6,10,2019,2019-6
6/11/2019,100.00%,0,1,1,0,0,6,11,2019,2019-6
6/12/2019,100.00%,0,1,1,0,0,6,12,2019,2019-6
6/13/2019,100.00%,0,1,1,0,0,6,13,2019,2019-6
6/14/2019,100.00%,0,1,1,0,0,6,14,2019,2019-6
6/15/2019,100.00%,0,1,1,0,0,6,15,2019,2019-6
6/16/2019,100.00%,0,1,1,0,0,6,16,2019,2019-6
6/17/2019,100.00%,0,1,1,0,0,6,17,2019,2019-6
6/18/2019,100.00%,0,1,1,0,0,6,18,2019,2019-6
6/19/2019,100.00%,0,1,1,0,0,6,19,2019,2019-6
6/20/2019,100.00%,0,1,1,0,0,6,20,2019,2019-6
6/21/2019,100.00%,0,1,1,0,0,6,21,2019,2019-6
6/22/2019,100.00%,0,2,1,0,0,6,22,2019,2019-6
6/23/2019,100.00%,0,1,1,1,50,6,23,2019,2019-6
6/24/2019,100.00%,0,1,1,0,0,6,24,2019,2019-6
6/25/2019,100.00%,0,1,1,0,0,6,25,2019,2019-6
6/26/2019,100.00%,0,1,1,0,0,6,26,2019,2019-6
6/27/2019,100.00%,0,1,1,0,0,6,27,2019,2019-6
6/28/2019,100.00%,0,1,1,0,0,6,28,2019,2019-6
6/29/2019,100.00%,0,1,1,0,0,6,29,2019,2019-6
6/30/2019,100.00%,0,1,1,0,0,6,30,2019,2019-6
7/1/2019,100.00%,0,1,1,0,0,7,1,2019,2019-7
7/2/2019,100.00%,0,1,1,0,0,7,2,2019,2019-7
7/3/2019,100.00%,0,1,1,0,0,7,3,2019,2019-7
7/4/2019,100.00%,0,1,1,0,0,7,4,2019,2019-7
7/5/2019,100.00%,0,1,1,0,0,7,5,2019,2019-7
7/6/2019,100.00%,0,1,1,0,0,7,6,2019,2019-7
7/7/2019,100.00%,0,1,1,0,0,7,7,2019,2019-7
7/8/2019,100.00%,0,1,1,0,0,7,8,2019,2019-7
7/9/2019,100.00%,0,1,1,0,0,7,9,2019,2019-7
7/10/2019,100.00%,0,1,1,0,0,7,10,2019,2019-7
7/11/2019,100.00%,0,2,1,0,0,7,11,2019,2019-7
7/12/2019,100.00%,0,1,1,0,0,7,12,2019,2019-7
7/13/2019,100.00%,0,1,1,0,0,7,13,2019,2019-7
7/14/2019,100.00%,0,1,1,0,0,7,14,2019,2019-7
7/15/2019,100.00%,0,1,1,0,0,7,15,2019,2019-7
7/16/2019,100.00%,0,1,1,0,0,7,16,2019,2019-7
7/17/2019,100.00%,0,1,1,0,0,7,17,2019,2019-7
7/18/2019,100.00%,0,1,1,1,50,7,18,2019,2019-7
7/19/2019,100.00%,0,1,1,1,50,7,19,2019,2019-7
7/20/2019,100.00%,0,1,1,1,50,7,20,2019,2019-7
7/21/2019,100.00%,0,1,1,1,50,7,21,2019,2019-7
7/22/2019,100.00%,0,1,1,1,50,7,22,2019,2019-7
7/23/2019,100.00%,0,1,1,1,50,7,23,2019,2019-7
7/24/2019,100.00%,0,1,1,0,0,7,24,2019,2019-7
7/25/2019,100.00%,0,1,1,1,50,7,25,2019,2019-7
7/26/2019,100.00%,0,1,1,0,0,7,26,2019,2019-7
7/27/2019,100.00%,0,1,1,1,50,7,27,2019,2019-7
7/28/2019,100.00%,0,1,1,0,0,7,28,2019,2019-7
7/29/2019,100.00%,0,1,1,0,0,7,29,2019,2019-7
7/30/2019,100.00%,0,1,1,0,0,7,30,2019,2019-7
7/31/2019,100.00%,0,1,1,0,0,7,31,2019,2019-7
8/1/2019,100.00%,0,2,1,0,0,8,1,2019,2019-8
8/2/2019,100.00%,0,1,1,0,0,8,2,2019,2019-8
8/3/2019,100.00%,0,1,1,0,0,8,3,2019,2019-8
8/4/2019,100.00%,0,1,1,0,0,8,4,2019,2019-8
8/5/2019,100.00%,0,1,1,0,0,8,5,2019,2019-8
8/6/2019,100.00%,0,1,1,0,0,8,6,2019,2019-8
8/7/2019,100.00%,0,1,1,0,0,8,7,2019,2019-8
8/8/2019,100.00%,0,1,1,0,0,8,8,2019,2019-8
8/9/2019,100.00%,0,1,1,0,0,8,9,2019,2019-8
8/10/2019,100.00%,0,1,1,0,0,8,10,2019,2019-8
8/11/2019,100.00%,0,2,1,0,0,8,11,2019,2019-8
8/12/2019,100.00%,0,1,1,0,0,8,12,2019,2019-8
8/13/2019,100.00%,0,1,1,0,0,8,13,2019,2019-8
8/14/2019,100.00%,0,1,1,0,0,8,14,2019,2019-8
8/15/2019,100.00%,0,1,1,1,50,8,15,2019,2019-8
8/16/2019,100.00%,0,1,1,1,50,8,16,2019,2019-8
8/17/2019,100.00%,0,1,1,0,0,8,17,2019,2019-8
8/18/2019,100.00%,0,1,1,1,50,8,18,2019,2019-8
8/19/2019,100.00%,0,1,1,0,0,8,19,2019,2019-8
8/20/2019,100.00%,0,1,1,1,50,8,20,2019,2019-8
8/21/2019,100.00%,0,1,1,1,50,8,21,2019,2019-8
8/22/2019,100.00%,0,1,1,0,0,8,22,2019,2019-8
8/23/2019,100.00%,0,1,1,1,100,8,23,2019,2019-8
8/24/2019,100.00%,0,1,1,1,100,8,24,2019,2019-8
8/25/2019,100.00%,0,1,1,1,100,8,25,2019,2019-8
8/26/2019,100.00%,0,1,1,1,50,8,26,2019,2019-8
8/27/2019,0.00%,11,1,2,0,0,8,27,2019,2019-8
8/28/2019,0.00%,32,1,1,0,0,8,28,2019,2019-8
8/29/2019,0.00%,19,1,1,0,0,8,29,2019,2019-8
8/30/2019,0.00%,1831,1,1,0,0,8,30,2019,2019-8
8/31/2019,0.00%,1410,1,1,1,50,8,31,2019,2019-8
9/1/2019,0.00%,0,0,0,1,50,9,1,2019,2019-9
9/2/2019,0.00%,35,1,2,1,50,9,2,2019,2019-9
9/3/2019,0.00%,1530,1,1,0,0,9,3,2019,2019-9
9/4/2019,0.00%,1256,1,1,0,0,9,4,2019,2019-9
9/5/2019,0.00%,1236,1,1,0,0,9,5,2019,2019-9
9/6/2019,0.00%,0,1,2,0,0,9,6,2019,2019-9
9/7/2019,0.00%,236,1,4,0,0,9,7,2019,2019-9
9/8/2019,0.00%,0,0,0,1,50,9,8,2019,2019-9
9/9/2019,0.00%,1060,1,1,0,0,9,9,2019,2019-9
9/10/2019,0.00%,38,1,2,0,0,9,10,2019,2019-9
9/11/2019,0.00%,1103,1,1,0,0,9,11,2019,2019-9
9/12/2019,0.00%,413,1,1,0,0,9,12,2019,2019-9
9/13/2019,0.00%,36,1,1,0,0,9,13,2019,2019-9
9/14/2019,0.00%,26,1,2,0,0,9,14,2019,2019-9
9/15/2019,0.00%,153,1,1,0,0,9,15,2019,2019-9
9/16/2019,0.00%,95,1,2,0,0,9,16,2019,2019-9
9/17/2019,0.00%,267,1,1,0,0,9,17,2019,2019-9
9/18/2019,0.00%,64,1,1,0,0,9,18,2019,2019-9
9/19/2019,0.00%,397,1,1,1,100,9,19,2019,2019-9
9/20/2019,0.00%,16,1,4,1,100,9,20,2019,2019-9
9/21/2019,0.00%,384,1,1,0,0,9,21,2019,2019-9
9/22/2019,0.00%,0,0,0,1,100,9,22,2019,2019-9
9/23/2019,100.00%,0,1,1,0,0,9,23,2019,2019-9
9/24/2019,100.00%,0,1,1,0,0,9,24,2019,2019-9
9/25/2019,100.00%,0,1,1,0,0,9,25,2019,2019-9
9/26/2019,100.00%,0,1,1,0,0,9,26,2019,2019-9
9/27/2019,100.00%,0,1,1,0,0,9,27,2019,2019-9
9/28/2019,100.00%,0,1,1,0,0,9,28,2019,2019-9
9/29/2019,100.00%,0,1,1,0,0,9,29,2019,2019-9
9/30/2019,100.00%,0,1,1,0,0,9,30,2019,2019-9
10/1/2019,100.00%,0,1,1,0,0,10,1,2019,2019-10
10/2/2019,100.00%,0,1,1,0,0,10,2,2019,2019-10
10/3/2019,100.00%,0,1,1,0,0,10,3,2019,2019-10
10/4/2019,100.00%,0,1,1,0,0,10,4,2019,2019-10
10/5/2019,100.00%,0,1,1,0,0,10,5,2019,2019-10
10/6/2019,100.00%,0,1,1,0,0,10,6,2019,2019-10
10/7/2019,100.00%,0,1,1,0,0,10,7,2019,2019-10
10/8/2019,100.00%,0,1,1,0,0,10,8,2019,2019-10
10/9/2019,100.00%,0,1,1,0,0,10,9,2019,2019-10
10/10/2019,100.00%,0,1,1,0,0,10,10,2019,2019-10
10/11/2019,100.00%,0,1,1,0,0,10,11,2019,2019-10
10/12/2019,100.00%,0,1,1,0,0,10,12,2019,2019-10
10/13/2019,100.00%,0,1,1,0,0,10,13,2019,2019-10
10/14/2019,100.00%,0,1,1,0,0,10,14,2019,2019-10
10/15/2019,100.00%,0,1,1,0,0,10,15,2019,2019-10
10/16/2019,100.00%,0,1,1,0,0,10,16,2019,2019-10
10/17/2019,100.00%,0,1,1,0,0,10,17,2019,2019-10
10/18/2019,100.00%,0,1,1,0,0,10,18,2019,2019-10
10/19/2019,100.00%,0,1,1,0,0,10,19,2019,2019-10
10/20/2019,100.00%,0,1,1,0,0,10,20,2019,2019-10
10/21/2019,100.00%,0,2,1,0,0,10,21,2019,2019-10
10/22/2019,100.00%,0,1,1,1,50,10,22,2019,2019-10
10/23/2019,100.00%,0,1,1,0,0,10,23,2019,2019-10
10/24/2019,100.00%,0,1,1,0,0,10,24,2019,2019-10
10/25/2019,100.00%,0,1,1,0,0,10,25,2019,2019-10
10/26/2019,100.00%,0,1,1,0,0,10,26,2019,2019-10
10/27/2019,100.00%,0,1,1,0,0,10,27,2019,2019-10
10/28/2019,100.00%,0,1,1,0,0,10,28,2019,2019-10
10/29/2019,100.00%,0,1,1,0,0,10,29,2019,2019-10
10/30/2019,100.00%,0,1,1,0,0,10,30,2019,2019-10
10/31/2019,100.00%,0,1,1,0,0,10,31,2019,2019-10
11/1/2019,100.00%,0,1,1,0,0,11,1,2019,2019-11
11/2/2019,100.00%,0,1,1,0,0,11,2,2019,2019-11
11/3/2019,100.00%,0,1,1,0,0,11,3,2019,2019-11
11/4/2019,100.00%,0,1,1,0,0,11,4,2019,2019-11
11/5/2019,100.00%,0,1,1,0,0,11,5,2019,2019-11
11/6/2019,100.00%,0,1,1,0,0,11,6,2019,2019-11
11/7/2019,100.00%,0,1,1,0,0,11,7,2019,2019-11
11/8/2019,100.00%,0,1,1,0,0,11,8,2019,2019-11
11/9/2019,100.00%,0,2,1,0,0,11,9,2019,2019-11
11/10/2019,100.00%,0,1,1,0,0,11,10,2019,2019-11
11/11/2019,100.00%,0,1,1,0,0,11,11,2019,2019-11
11/12/2019,100.00%,0,1,1,0,0,11,12,2019,2019-11
11/13/2019,100.00%,0,1,1,0,0,11,13,2019,2019-11
11/14/2019,100.00%,0,1,1,0,0,11,14,2019,2019-11
11/15/2019,100.00%,0,1,1,0,0,11,15,2019,2019-11
11/16/2019,100.00%,0,1,1,1,50,11,16,2019,2019-11
11/17/2019,100.00%,0,1,1,1,50,11,17,2019,2019-11
11/18/2019,100.00%,0,1,1,1,50,11,18,2019,2019-11
11/19/2019,100.00%,0,1,1,1,50,11,19,2019,2019-11
11/20/2019,100.00%,0,1,1,1,50,11,20,2019,2019-11
11/21/2019,100.00%,0,1,1,1,50,11,21,2019,2019-11
11/22/2019,100.00%,0,1,1,0,0,11,22,2019,2019-11
11/23/2019,100.00%,0,1,1,1,50,11,23,2019,2019-11
11/24/2019,100.00%,0,1,1,0,0,11,24,2019,2019-11
11/25/2019,100.00%,0,1,1,1,50,11,25,2019,2019-11
11/26/2019,100.00%,0,1,1,0,0,11,26,2019,2019-11
11/27/2019,100.00%,0,1,1,0,0,11,27,2019,2019-11
11/28/2019,100.00%,0,1,1,0,0,11,28,2019,2019-11
11/29/2019,100.00%,0,1,1,0,0,11,29,2019,2019-11
11/30/2019,100.00%,0,2,1,0,0,11,30,2019,2019-11
12/1/2019,100.00%,0,1,1,0,0,12,1,2019,2019-12
12/2/2019,100.00%,0,1,1,0,0,12,2,2019,2019-12
12/3/2019,100.00%,0,1,1,0,0,12,3,2019,2019-12
12/4/2019,100.00%,0,1,1,0,0,12,4,2019,2019-12
12/5/2019,100.00%,0,1,1,0,0,12,5,2019,2019-12
12/6/2019,100.00%,0,1,1,0,0,12,6,2019,2019-12
12/7/2019,100.00%,0,1,1,0,0,12,7,2019,2019-12
12/8/2019,100.00%,0,1,1,0,0,12,8,2019,2019-12
12/9/2019,100.00%,0,1,1,0,0,12,9,2019,2019-12
12/10/2019,100.00%,0,2,1,0,0,12,10,2019,2019-12
12/11/2019,100.00%,0,1,1,0,0,12,11,2019,2019-12
12/12/2019,100.00%,0,1,1,0,0,12,12,2019,2019-12
12/13/2019,100.00%,0,1,1,0,0,12,13,2019,2019-12
12/14/2019,100.00%,0,1,1,1,50,12,14,2019,2019-12
12/15/2019,100.00%,0,1,1,1,50,12,15,2019,2019-12
12/16/2019,100.00%,0,1,1,0,0,12,16,2019,2019-12
12/17/2019,100.00%,0,1,1,1,50,12,17,2019,2019-12
12/18/2019,100.00%,0,1,1,0,0,12,18,2019,2019-12
12/19/2019,100.00%,0,1,1,1,50,12,19,2019,2019-12
12/20/2019,100.00%,0,1,1,1,50,12,20,2019,2019-12
12/21/2019,100.00%,0,1,1,0,0,12,21,2019,2019-12
12/22/2019,100.00%,0,1,1,1,100,12,22,2019,2019-12
12/23/2019,100.00%,0,1,1,1,100,12,23,2019,2019-12
12/24/2019,100.00%,0,1,1,1,100,12,24,2019,2019-12
12/25/2019,100.00%,0,1,1,1,50,12,25,2019,2019-12
12/26/2019,0.00%,11,1,2,0,0,12,26,2019,2019-12
12/27/2019,0.00%,32,1,1,0,0,12,27,2019,2019-12
12/28/2019,0.00%,19,1,1,0,0,12,28,2019,2019-12
12/29/2019,0.00%,1831,1,1,0,0,12,29,2019,2019-12
12/30/2019,0.00%,1410,1,1,1,50,12,30,2019,2019-12
12/31/2019,0.00%,0,0,0,1,50,12,31,2019,2019-12
1/1/2020,0.00%,35,1,2,1,50,1,1,2020,2020-1
1/2/2020,0.00%,1530,1,1,0,0,1,2,2020,2020-1
1/3/2020,0.00%,1256,1,1,0,0,1,3,2020,2020-1
1/4/2020,0.00%,1236,1,1,0,0,1,4,2020,2020-1
1/5/2020,0.00%,0,1,2,0,0,1,5,2020,2020-1
1/6/2020,0.00%,236,1,4,0,0,1,6,2020,2020-1
1/7/2020,0.00%,0,0,0,1,50,1,7,2020,2020-1
1/8/2020,0.00%,1060,1,1,0,0,1,8,2020,2020-1
1/9/2020,0.00%,38,1,2,0,0,1,9,2020,2020-1
1/10/2020,0.00%,1103,1,1,0,0,1,10,2020,2020-1
1/11/2020,0.00%,413,1,1,0,0,1,11,2020,2020-1
1/12/2020,0.00%,36,1,1,0,0,1,12,2020,2020-1
1/13/2020,0.00%,26,1,2,0,0,1,13,2020,2020-1
1/14/2020,0.00%,153,1,1,0,0,1,14,2020,2020-1
1/15/2020,0.00%,95,1,2,0,0,1,15,2020,2020-1
1/16/2020,0.00%,267,1,1,0,0,1,16,2020,2020-1
1/17/2020,0.00%,64,1,1,0,0,1,17,2020,2020-1
1/18/2020,0.00%,397,1,1,1,100,1,18,2020,2020-1
1/19/2020,0.00%,16,1,4,1,100,1,19,2020,2020-1
1/20/2020,0.00%,384,1,1,0,0,1,20,2020,2020-1
1/21/2020,0.00%,0,0,0,1,100,1,21,2020,2020-1
1/22/2020,100.00%,0,1,1,0,0,1,22,2020,2020-1
1/23/2020,100.00%,0,1,1,0,0,1,23,2020,2020-1
1/24/2020,100.00%,0,1,1,0,0,1,24,2020,2020-1
1/25/2020,100.00%,0,1,1,0,0,1,25,2020,2020-1
1/26/2020,100.00%,0,1,1,0,0,1,26,2020,2020-1
1/27/2020,100.00%,0,1,1,0,0,1,27,2020,2020-1
1/28/2020,100.00%,0,1,1,0,0,1,28,2020,2020-1
1/29/2020,100.00%,0,1,1,0,0,1,29,2020,2020-1
1/30/2020,100.00%,0,1,1,0,0,1,30,2020,2020-1
1/31/2020,100.00%,0,1,1,0,0,1,31,2020,2020-1
2/1/2020,100.00%,0,1,1,0,0,2,1,2020,2020-2
2/2/2020,100.00%,0,1,1,0,0,2,1,2020,2020-2
2/3/2020,100.00%,0,1,1,0,0,2,1,2020,2020-2
2/4/2020,100.00%,0,1,1,0,0,2,1,2020,2020-2
2/5/2020,100.00%,0,1,1,0,0,2,1,2020,2020-2
2/6/2020,100.00%,0,1,1,0,0,2,1,2020,2020-2
2/7/2020,100.00%,0,1,1,0,0,2,1,2020,2020-2
2/8/2020,100.00%,0,1,1,0,0,2,1,2020,2020-2
2/9/2020,100.00%,0,1,1,0,0,2,1,2020,2020-2
2/10/2020,100.00%,0,1,1,0,0,2,1,2020,2020-2
2/11/2020,100.00%,0,1,1,0,0,2,1,2020,2020-2
2/12/2020,100.00%,0,1,1,0,0,2,1,2020,2020-2
2/13/2020,100.00%,0,1,1,0,0,2,1,2020,2020-2
2/14/2020,100.00%,0,1,1,0,0,2,1,2020,2020-2
2/15/2020,100.00%,0,1,1,0,0,2,1,2020,2020-2
2/16/2020,100.00%,0,1,1,0,0,2,1,2020,2020-2
2/17/2020,100.00%,0,1,1,0,0,2,1,2020,2020-2
2/18/2020,100.00%,0,1,1,0,0,2,1,2020,2020-2
2/19/2020,100.00%,0,2,1,0,0,2,1,2020,2020-2
2/20/2020,100.00%,0,1,1,1,50,2,1,2020,2020-2
2/21/2020,100.00%,0,1,1,0,0,2,1,2020,2020-2
2/22/2020,100.00%,0,1,1,0,0,2,1,2020,2020-2
2/23/2020,100.00%,0,1,1,0,0,2,1,2020,2020-2
2/24/2020,100.00%,0,1,1,0,0,2,1,2020,2020-2
2/25/2020,100.00%,0,1,1,0,0,2,1,2020,2020-2
2/26/2020,100.00%,0,1,1,0,0,2,1,2020,2020-2
2/27/2020,100.00%,0,1,1,0,0,2,1,2020,2020-2
2/28/2020,100.00%,0,1,1,0,0,2,1,2020,2020-2
2/29/2020,100.00%,0,1,1,0,0,2,1,2020,2020-2
3/1/2020,100.00%,0,1,1,0,0,2,1,2020,2020-2
3/2/2020,100.00%,0,1,1,0,0,2,1,2020,2020-2
3/3/2020,100.00%,0,1,1,0,0,2,1,2020,2020-2
3/4/2020,100.00%,0,1,1,0,0,2,1,2020,2020-2
3/5/2020,100.00%,0,1,1,0,0,2,1,2020,2020-2
3/6/2020,100.00%,0,1,1,0,0,2,1,2020,2020-2
3/7/2020,100.00%,0,1,1,0,0,2,1,2020,2020-2
3/8/2020,100.00%,0,1,1,0,0,2,1,2020,2020-2
3/9/2020,100.00%,0,2,1,0,0,2,1,2020,2020-2
3/10/2020,100.00%,0,1,1,0,0,2,1,2020,2020-2
3/11/2020,100.00%,0,1,1,0,0,2,1,2020,2020-2
3/12/2020,100.00%,0,1,1,0,0,2,1,2020,2020-2
3/13/2020,100.00%,0,1,1,0,0,2,1,2020,2020-2
3/14/2020,100.00%,0,1,1,0,0,2,1,2020,2020-2
3/15/2020,100.00%,0,1,1,0,0,2,1,2020,2020-2
3/16/2020,100.00%,0,1,1,1,50,2,1,2020,2020-2
3/17/2020,100.00%,0,1,1,1,50,2,1,2020,2020-2
3/18/2020,100.00%,0,1,1,1,50,2,1,2020,2020-2
3/19/2020,100.00%,0,1,1,1,50,2,1,2020,2020-2
3/20/2020,100.00%,0,1,1,1,50,2,1,2020,2020-2
3/21/2020,100.00%,0,1,1,1,50,2,1,2020,2020-2
3/22/2020,100.00%,0,1,1,0,0,2,1,2020,2020-2
3/23/2020,100.00%,0,1,1,1,50,2,1,2020,2020-2
3/24/2020,100.00%,0,1,1,0,0,2,1,2020,2020-2
3/25/2020,100.00%,0,1,1,1,50,2,1,2020,2020-2
3/26/2020,100.00%,0,1,1,0,0,2,1,2020,2020-2
3/27/2020,100.00%,0,1,1,0,0,2,1,2020,2020-2
3/28/2020,100.00%,0,1,1,0,0,2,1,2020,2020-2
3/29/2020,100.00%,0,1,1,0,0,2,1,2020,2020-2
3/30/2020,100.00%,0,2,1,0,0,2,1,2020,2020-2
3/31/2020,100.00%,0,1,1,0,0,2,1,2020,2020-2
4/1/2020,100.00%,0,1,1,0,0,2,1,2020,2020-2
4/2/2020,100.00%,0,1,1,0,0,2,1,2020,2020-2
4/3/2020,100.00%,0,1,1,0,0,2,1,2020,2020-2
4/4/2020,100.00%,0,1,1,0,0,2,1,2020,2020-2
4/5/2020,100.00%,0,1,1,0,0,2,1,2020,2020-2
4/6/2020,100.00%,0,1,1,0,0,2,1,2020,2020-2
4/7/2020,100.00%,0,1,1,0,0,2,1,2020,2020-2
4/8/2020,100.00%,0,1,1,0,0,2,1,2020,2020-2
4/9/2020,100.00%,0,2,1,0,0,2,1,2020,2020-2
4/10/2020,100.00%,0,1,1,0,0,2,1,2020,2020-2
4/11/2020,100.00%,0,1,1,0,0,2,1,2020,2020-2
4/12/2020,100.00%,0,1,1,0,0,2,1,2020,2020-2
4/13/2020,100.00%,0,1,1,1,50,2,1,2020,2020-2
4/14/2020,100.00%,0,1,1,1,50,2,1,2020,2020-2
4/15/2020,100.00%,0,1,1,0,0,2,1,2020,2020-2
4/16/2020,100.00%,0,1,1,1,50,2,1,2020,2020-2
4/17/2020,100.00%,0,1,1,0,0,2,1,2020,2020-2
4/18/2020,100.00%,0,1,1,1,50,2,1,2020,2020-2
4/19/2020,100.00%,0,1,1,1,50,2,1,2020,2020-2
4/20/2020,100.00%,0,1,1,0,0,2,1,2020,2020-2
4/21/2020,100.00%,0,1,1,1,100,2,1,2020,2020-2
4/22/2020,100.00%,0,1,1,1,100,2,1,2020,2020-2
4/23/2020,100.00%,0,1,1,1,100,2,1,2020,2020-2
4/24/2020,100.00%,0,1,1,1,50,2,1,2020,2020-2
4/25/2020,0.00%,11,1,2,0,0,2,1,2020,2020-2
4/26/2020,0.00%,32,1,1,0,0,2,1,2020,2020-2
4/27/2020,0.00%,19,1,1,0,0,2,1,2020,2020-2
4/28/2020,0.00%,1831,1,1,0,0,2,1,2020,2020-2
4/29/2020,0.00%,1410,1,1,1,50,2,1,2020,2020-2
4/30/2020,0.00%,0,0,0,1,50,2,1,2020,2020-2
5/1/2020,0.00%,35,1,2,1,50,2,1,2020,2020-2
5/2/2020,0.00%,1530,1,1,0,0,2,1,2020,2020-2
5/3/2020,0.00%,1256,1,1,0,0,2,1,2020,2020-2
5/4/2020,0.00%,1236,1,1,0,0,2,1,2020,2020-2
5/5/2020,0.00%,0,1,2,0,0,2,1,2020,2020-2
5/6/2020,0.00%,236,1,4,0,0,2,1,2020,2020-2
5/7/2020,0.00%,0,0,0,1,50,2,1,2020,2020-2
5/8/2020,0.00%,1060,1,1,0,0,2,1,2020,2020-2
5/9/2020,0.00%,38,1,2,0,0,2,1,2020,2020-2
5/10/2020,0.00%,1103,1,1,0,0,2,1,2020,2020-2
5/11/2020,0.00%,413,1,1,0,0,2,1,2020,2020-2
5/12/2020,0.00%,36,1,1,0,0,2,1,2020,2020-2
5/13/2020,0.00%,26,1,2,0,0,2,1,2020,2020-2
5/14/2020,0.00%,153,1,1,0,0,2,1,2020,2020-2
5/15/2020,0.00%,95,1,2,0,0,2,1,2020,2020-2
5/16/2020,0.00%,267,1,1,0,0,2,1,2020,2020-2
5/17/2020,0.00%,64,1,1,0,0,2,1,2020,2020-2
5/18/2020,0.00%,397,1,1,1,100,2,1,2020,2020-2
5/19/2020,0.00%,16,1,4,1,100,2,1,2020,2020-2
5/20/2020,0.00%,384,1,1,0,0,2,1,2020,2020-2
5/21/2020,0.00%,0,0,0,1,100,2,1,2020,2020-2
5/22/2020,100.00%,0,1,1,0,0,2,1,2020,2020-2
5/23/2020,100.00%,0,1,1,0,0,2,1,2020,2020-2
5/24/2020,100.00%,0,1,1,0,0,2,1,2020,2020-2
5/25/2020,100.00%,0,1,1,0,0,2,1,2020,2020-2
5/26/2020,100.00%,0,1,1,0,0,2,1,2020,2020-2
5/27/2020,100.00%,0,1,1,0,0,2,1,2020,2020-2
5/28/2020,100.00%,0,1,1,0,0,2,1,2020,2020-2
5/29/2020,100.00%,0,1,1,0,0,2,1,2020,2020-2
5/30/2020,100.00%,0,1,1,0,0,2,1,2020,2020-2
5/31/2020,100.00%,0,1,1,0,0,2,1,2020,2020-2
6/1/2020,100.00%,0,1,1,0,0,2,1,2020,2020-2
6/2/2020,100.00%,0,1,1,0,0,2,1,2020,2020-2
6/3/2020,100.00%,0,1,1,0,0,2,1,2020,2020-2
6/4/2020,100.00%,0,1,1,0,0,2,1,2020,2020-2
6/5/2020,100.00%,0,1,1,0,0,2,1,2020,2020-2
6/6/2020,100.00%,0,1,1,0,0,2,1,2020,2020-2
6/7/2020,100.00%,0,1,1,0,0,2,1,2020,2020-2
6/8/2020,100.00%,0,1,1,0,0,2,1,2020,2020-2
6/9/2020,100.00%,0,1,1,0,0,2,1,2020,2020-2
6/10/2020,100.00%,0,1,1,0,0,2,1,2020,2020-2
6/11/2020,100.00%,0,1,1,0,0,2,1,2020,2020-2
6/12/2020,100.00%,0,1,1,0,0,2,1,2020,2020-2
6/13/2020,100.00%,0,1,1,0,0,2,1,2020,2020-2
6/14/2020,100.00%,0,1,1,0,0,2,1,2020,2020-2
6/15/2020,100.00%,0,1,1,0,0,2,1,2020,2020-2
6/16/2020,100.00%,0,1,1,0,0,2,1,2020,2020-2
6/17/2020,100.00%,0,1,1,0,0,2,1,2020,2020-2
6/18/2020,100.00%,0,1,1,0,0,2,1,2020,2020-2
6/19/2020,100.00%,0,2,1,0,0,2,1,2020,2020-2
6/20/2020,100.00%,0,1,1,1,50,2,1,2020,2020-2
6/21/2020,100.00%,0,1,1,0,0,2,1,2020,2020-2
6/22/2020,100.00%,0,1,1,0,0,2,1,2020,2020-2
6/23/2020,100.00%,0,1,1,0,0,2,1,2020,2020-2
6/24/2020,100.00%,0,1,1,0,0,2,1,2020,2020-2
6/25/2020,100.00%,0,1,1,0,0,2,1,2020,2020-2
6/26/2020,100.00%,0,1,1,0,0,2,1,2020,2020-2
6/27/2020,100.00%,0,1,1,0,0,2,1,2020,2020-2
6/28/2020,100.00%,0,1,1,0,0,2,1,2020,2020-2
6/29/2020,100.00%,0,1,1,0,0,2,1,2020,2020-2
6/30/2020,100.00%,0,1,1,0,0,2,1,2020,2020-2
7/1/2020,100.00%,0,1,1,0,0,2,1,2020,2020-2
7/2/2020,100.00%,0,1,1,0,0,2,1,2020,2020-2
7/3/2020,100.00%,0,1,1,0,0,2,1,2020,2020-2
7/4/2020,100.00%,0,1,1,0,0,2,1,2020,2020-2
7/5/2020,100.00%,0,1,1,0,0,2,1,2020,2020-2
7/6/2020,100.00%,0,1,1,0,0,2,1,2020,2020-2
7/7/2020,100.00%,0,1,1,0,0,2,1,2020,2020-2
7/8/2020,100.00%,0,2,1,0,0,2,1,2020,2020-2
7/9/2020,100.00%,0,1,1,0,0,2,1,2020,2020-2
7/10/2020,100.00%,0,1,1,0,0,2,1,2020,2020-2
7/11/2020,100.00%,0,1,1,0,0,2,1,2020,2020-2
7/12/2020,100.00%,0,1,1,0,0,2,1,2020,2020-2
7/13/2020,100.00%,0,1,1,0,0,2,1,2020,2020-2
7/14/2020,100.00%,0,1,1,0,0,2,1,2020,2020-2
7/15/2020,100.00%,0,1,1,1,50,2,1,2020,2020-2
7/16/2020,100.00%,0,1,1,1,50,2,1,2020,2020-2
7/17/2020,100.00%,0,1,1,1,50,2,1,2020,2020-2
7/18/2020,100.00%,0,1,1,1,50,2,1,2020,2020-2
7/19/2020,100.00%,0,1,1,1,50,2,1,2020,2020-2
7/20/2020,100.00%,0,1,1,1,50,2,1,2020,2020-2
7/21/2020,100.00%,0,1,1,0,0,2,1,2020,2020-2
7/22/2020,100.00%,0,1,1,1,50,2,1,2020,2020-2
7/23/2020,100.00%,0,1,1,0,0,2,1,2020,2020-2
7/24/2020,100.00%,0,1,1,1,50,2,1,2020,2020-2
7/25/2020,100.00%,0,1,1,0,0,2,1,2020,2020-2
7/26/2020,100.00%,0,1,1,0,0,2,1,2020,2020-2
7/27/2020,100.00%,0,1,1,0,0,2,1,2020,2020-2
7/28/2020,100.00%,0,1,1,0,0,2,1,2020,2020-2
7/29/2020,100.00%,0,2,1,0,0,2,1,2020,2020-2
7/30/2020,100.00%,0,1,1,0,0,2,1,2020,2020-2
7/31/2020,100.00%,0,1,1,0,0,2,1,2020,2020-2
8/1/2020,100.00%,0,1,1,0,0,2,1,2020,2020-2
8/2/2020,100.00%,0,1,1,0,0,2,1,2020,2020-2
8/3/2020,100.00%,0,1,1,0,0,2,1,2020,2020-2
8/4/2020,100.00%,0,1,1,0,0,2,1,2020,2020-2
8/5/2020,100.00%,0,1,1,0,0,2,1,2020,2020-2
8/6/2020,100.00%,0,1,1,0,0,2,1,2020,2020-2
8/7/2020,100.00%,0,1,1,0,0,2,1,2020,2020-2
8/8/2020,100.00%,0,2,1,0,0,2,1,2020,2020-2
8/9/2020,100.00%,0,1,1,0,0,2,1,2020,2020-2
8/10/2020,100.00%,0,1,1,0,0,2,1,2020,2020-2
8/11/2020,100.00%,0,1,1,0,0,2,1,2020,2020-2
8/12/2020,100.00%,0,1,1,1,50,2,1,2020,2020-2
8/13/2020,100.00%,0,1,1,1,50,2,1,2020,2020-2
8/14/2020,100.00%,0,1,1,0,0,2,1,2020,2020-2
8/15/2020,100.00%,0,1,1,1,50,2,1,2020,2020-2
8/16/2020,100.00%,0,1,1,0,0,2,1,2020,2020-2
8/17/2020,100.00%,0,1,1,1,50,2,1,2020,2020-2
8/18/2020,100.00%,0,1,1,1,50,2,1,2020,2020-2
8/19/2020,100.00%,0,1,1,0,0,2,1,2020,2020-2
8/20/2020,100.00%,0,1,1,1,100,2,1,2020,2020-2
8/21/2020,100.00%,0,1,1,1,100,2,1,2020,2020-2
8/22/2020,100.00%,0,1,1,1,100,2,1,2020,2020-2
8/23/2020,100.00%,0,1,1,1,50,2,1,2020,2020-2
8/24/2020,0.00%,11,1,2,0,0,2,1,2020,2020-2
8/25/2020,0.00%,32,1,1,0,0,2,1,2020,2020-2
8/26/2020,0.00%,19,1,1,0,0,2,1,2020,2020-2
8/27/2020,0.00%,1831,1,1,0,0,2,1,2020,2020-2
8/28/2020,0.00%,1410,1,1,1,50,2,1,2020,2020-2
8/29/2020,0.00%,0,0,0,1,50,2,1,2020,2020-2
8/30/2020,0.00%,35,1,2,1,50,2,1,2020,2020-2
8/31/2020,0.00%,1530,1,1,0,0,2,1,2020,2020-2
9/1/2020,0.00%,1256,1,1,0,0,2,1,2020,2020-2
9/2/2020,0.00%,1236,1,1,0,0,2,1,2020,2020-2
9/3/2020,0.00%,0,1,2,0,0,2,1,2020,2020-2
9/4/2020,0.00%,236,1,4,0,0,2,1,2020,2020-2
9/5/2020,0.00%,0,0,0,1,50,2,1,2020,2020-2
9/6/2020,0.00%,1060,1,1,0,0,2,1,2020,2020-2
9/7/2020,0.00%,38,1,2,0,0,2,1,2020,2020-2
9/8/2020,0.00%,1103,1,1,0,0,2,1,2020,2020-2
9/9/2020,0.00%,413,1,1,0,0,2,1,2020,2020-2
9/10/2020,0.00%,36,1,1,0,0,2,1,2020,2020-2
9/11/2020,0.00%,26,1,2,0,0,2,1,2020,2020-2
9/12/2020,0.00%,153,1,1,0,0,2,1,2020,2020-2
9/13/2020,0.00%,95,1,2,0,0,2,1,2020,2020-2
9/14/2020,0.00%,267,1,1,0,0,2,1,2020,2020-2
9/15/2020,0.00%,64,1,1,0,0,2,1,2020,2020-2
9/16/2020,0.00%,397,1,1,1,100,2,1,2020,2020-2
9/17/2020,0.00%,16,1,4,1,100,2,1,2020,2020-2
9/18/2020,0.00%,384,1,1,0,0,2,1,2020,2020-2
9/19/2020,0.00%,0,0,0,1,100,2,1,2020,2020-2
9/20/2020,100.00%,0,1,1,0,0,2,1,2020,2020-2
9/21/2020,100.00%,0,1,1,0,0,2,1,2020,2020-2
9/22/2020,100.00%,0,1,1,0,0,2,1,2020,2020-2
9/23/2020,100.00%,0,1,1,0,0,2,1,2020,2020-2
9/24/2020,100.00%,0,1,1,0,0,2,1,2020,2020-2
9/25/2020,100.00%,0,1,1,0,0,2,1,2020,2020-2
9/26/2020,100.00%,0,1,1,0,0,2,1,2020,2020-2
9/27/2020,100.00%,0,1,1,0,0,2,1,2020,2020-2
9/28/2020,100.00%,0,1,1,0,0,2,1,2020,2020-2
9/29/2020,100.00%,0,1,1,0,0,2,1,2020,2020-2
9/30/2020,100.00%,0,1,1,0,0,2,1,2020,2020-2
10/1/2020,100.00%,0,1,1,0,0,2,1,2020,2020-2
10/2/2020,100.00%,0,1,1,0,0,2,1,2020,2020-2
10/3/2020,100.00%,0,1,1,0,0,2,1,2020,2020-2
10/4/2020,100.00%,0,1,1,0,0,2,1,2020,2020-2
10/5/2020,100.00%,0,1,1,0,0,2,1,2020,2020-2
10/6/2020,100.00%,0,1,1,0,0,2,1,2020,2020-2
10/7/2020,100.00%,0,1,1,0,0,2,1,2020,2020-2
10/8/2020,100.00%,0,1,1,0,0,2,1,2020,2020-2
10/9/2020,100.00%,0,1,1,0,0,2,1,2020,2020-2
10/10/2020,100.00%,0,1,1,0,0,2,1,2020,2020-2
10/11/2020,100.00%,0,1,1,0,0,2,1,2020,2020-2
10/12/2020,100.00%,0,1,1,0,0,2,1,2020,2020-2
10/13/2020,100.00%,0,1,1,0,0,2,1,2020,2020-2
10/14/2020,100.00%,0,1,1,0,0,2,1,2020,2020-2
10/15/2020,100.00%,0,1,1,0,0,2,1,2020,2020-2
10/16/2020,100.00%,0,1,1,0,0,2,1,2020,2020-2
10/17/2020,100.00%,0,1,1,0,0,2,1,2020,2020-2
10/18/2020,100.00%,0,2,1,0,0,2,1,2020,2020-2
10/19/2020,100.00%,0,1,1,1,50,2,1,2020,2020-2
10/20/2020,100.00%,0,1,1,0,0,2,1,2020,2020-2
10/21/2020,100.00%,0,1,1,0,0,2,1,2020,2020-2
10/22/2020,100.00%,0,1,1,0,0,2,1,2020,2020-2
10/23/2020,100.00%,0,1,1,0,0,2,1,2020,2020-2
10/24/2020,100.00%,0,1,1,0,0,2,1,2020,2020-2
10/25/2020,100.00%,0,1,1,0,0,2,1,2020,2020-2
10/26/2020,100.00%,0,1,1,0,0,2,1,2020,2020-2
10/27/2020,100.00%,0,1,1,0,0,2,1,2020,2020-2
10/28/2020,100.00%,0,1,1,0,0,2,1,2020,2020-2
10/29/2020,100.00%,0,1,1,0,0,2,1,2020,2020-2
10/30/2020,100.00%,0,1,1,0,0,2,1,2020,2020-2
10/31/2020,100.00%,0,1,1,0,0,2,1,2020,2020-2
11/1/2020,100.00%,0,1,1,0,0,2,1,2020,2020-2
11/2/2020,100.00%,0,1,1,0,0,2,1,2020,2020-2
11/3/2020,100.00%,0,1,1,0,0,2,1,2020,2020-2
11/4/2020,100.00%,0,1,1,0,0,2,1,2020,2020-2
11/5/2020,100.00%,0,1,1,0,0,2,1,2020,2020-2
11/6/2020,100.00%,0,2,1,0,0,2,1,2020,2020-2
11/7/2020,100.00%,0,1,1,0,0,2,1,2020,2020-2
11/8/2020,100.00%,0,1,1,0,0,2,1,2020,2020-2
11/9/2020,100.00%,0,1,1,0,0,2,1,2020,2020-2
11/10/2020,100.00%,0,1,1,0,0,2,1,2020,2020-2
11/11/2020,100.00%,0,1,1,0,0,2,1,2020,2020-2
11/12/2020,100.00%,0,1,1,0,0,2,1,2020,2020-2
11/13/2020,100.00%,0,1,1,1,50,2,1,2020,2020-2
11/14/2020,100.00%,0,1,1,1,50,2,1,2020,2020-2
11/15/2020,100.00%,0,1,1,1,50,2,1,2020,2020-2
11/16/2020,100.00%,0,1,1,1,50,2,1,2020,2020-2
11/17/2020,100.00%,0,1,1,1,50,2,1,2020,2020-2
11/18/2020,100.00%,0,1,1,1,50,2,1,2020,2020-2
11/19/2020,100.00%,0,1,1,0,0,2,1,2020,2020-2
11/20/2020,100.00%,0,1,1,1,50,2,1,2020,2020-2
11/21/2020,100.00%,0,1,1,0,0,2,1,2020,2020-2
11/22/2020,100.00%,0,1,1,1,50,2,1,2020,2020-2
11/23/2020,100.00%,0,1,1,0,0,2,1,2020,2020-2
11/24/2020,100.00%,0,1,1,0,0,2,1,2020,2020-2
11/25/2020,100.00%,0,1,1,0,0,2,1,2020,2020-2
11/26/2020,100.00%,0,1,1,0,0,2,1,2020,2020-2
11/27/2020,100.00%,0,2,1,0,0,2,1,2020,2020-2
11/28/2020,100.00%,0,1,1,0,0,2,1,2020,2020-2
11/29/2020,100.00%,0,1,1,0,0,2,1,2020,2020-2
11/30/2020,100.00%,0,1,1,0,0,2,1,2020,2020-2
12/1/2020,100.00%,0,1,1,0,0,2,1,2020,2020-2
12/2/2020,100.00%,0,1,1,0,0,2,1,2020,2020-2
12/3/2020,100.00%,0,1,1,0,0,2,1,2020,2020-2
12/4/2020,100.00%,0,1,1,0,0,2,1,2020,2020-2
12/5/2020,100.00%,0,1,1,0,0,2,1,2020,2020-2
12/6/2020,100.00%,0,1,1,0,0,2,1,2020,2020-2
12/7/2020,100.00%,0,2,1,0,0,2,1,2020,2020-2
12/8/2020,100.00%,0,1,1,0,0,2,1,2020,2020-2
12/9/2020,100.00%,0,1,1,0,0,2,1,2020,2020-2
12/10/2020,100.00%,0,1,1,0,0,2,1,2020,2020-2
12/11/2020,100.00%,0,1,1,1,50,2,1,2020,2020-2
12/12/2020,100.00%,0,1,1,1,50,2,1,2020,2020-2
12/13/2020,100.00%,0,1,1,0,0,2,1,2020,2020-2
12/14/2020,100.00%,0,1,1,1,50,2,1,2020,2020-2
12/15/2020,100.00%,0,1,1,0,0,2,1,2020,2020-2
12/16/2020,100.00%,0,1,1,1,50,2,1,2020,2020-2
12/17/2020,100.00%,0,1,1,1,50,2,1,2020,2020-2
12/18/2020,100.00%,0,1,1,0,0,2,1,2020,2020-2
12/19/2020,100.00%,0,1,1,1,100,2,1,2020,2020-2
12/20/2020,100.00%,0,1,1,1,100,2,1,2020,2020-2
12/21/2020,100.00%,0,1,1,1,100,2,1,2020,2020-2
12/22/2020,100.00%,0,1,1,1,50,2,1,2020,2020-2
12/23/2020,0.00%,11,1,2,0,0,2,1,2020,2020-2
12/24/2020,0.00%,32,1,1,0,0,2,1,2020,2020-2
12/25/2020,0.00%,19,1,1,0,0,2,1,2020,2020-2
12/26/2020,0.00%,1831,1,1,0,0,2,1,2020,2020-2
12/27/2020,0.00%,1410,1,1,1,50,2,1,2020,2020-2
12/28/2020,0.00%,0,0,0,1,50,2,1,2020,2020-2
12/29/2020,0.00%,35,1,2,1,50,2,1,2020,2020-2
12/30/2020,0.00%,1530,1,1,0,0,2,1,2020,2020-2
12/31/2020,0.00%,1256,1,1,0,0,2,1,2020,2020-2
1/1/2021,0.00%,1236,1,1,0,0,2,1,2020,2020-2
1/2/2021,0.00%,0,1,2,0,0,2,1,2020,2020-2
1/3/2021,0.00%,236,1,4,0,0,2,1,2020,2020-2
1/4/2021,0.00%,0,0,0,1,50,2,1,2020,2020-2
1/5/2021,0.00%,1060,1,1,0,0,2,1,2020,2020-2
1/6/2021,0.00%,38,1,2,0,0,2,1,2020,2020-2
1/7/2021,0.00%,1103,1,1,0,0,2,1,2020,2020-2
1/8/2021,0.00%,413,1,1,0,0,2,1,2020,2020-2
1/9/2021,0.00%,36,1,1,0,0,2,1,2020,2020-2
1/10/2021,0.00%,26,1,2,0,0,2,1,2020,2020-2
1/11/2021,0.00%,153,1,1,0,0,2,1,2020,2020-2
1/12/2021,0.00%,95,1,2,0,0,2,1,2020,2020-2
1/13/2021,0.00%,267,1,1,0,0,2,1,2020,2020-2
1/14/2021,0.00%,64,1,1,0,0,2,1,2020,2020-2
1/15/2021,0.00%,397,1,1,1,100,2,1,2020,2020-2
1/16/2021,0.00%,16,1,4,1,100,2,1,2020,2020-2
1/17/2021,0.00%,384,1,1,0,0,2,1,2020,2020-2
1/18/2021,0.00%,0,0,0,1,100,2,1,2020,2020-2