,date,variable,value
0,1/23/20,Brazil,0
1,1/24/20,Brazil,0
2,1/25/20,Brazil,0
3,1/26/20,Brazil,0
4,1/27/20,Brazil,0
5,1/28/20,Brazil,0
6,1/29/20,Brazil,0
7,1/30/20,Brazil,0
8,1/31/20,Brazil,0
9,2/1/20,Brazil,0
10,2/2/20,Brazil,0
11,2/3/20,Brazil,0
12,2/4/20,Brazil,0
13,2/5/20,Brazil,0
14,2/6/20,Brazil,0
15,2/7/20,Brazil,0
16,2/8/20,Brazil,0
17,2/9/20,Brazil,0
18,2/10/20,Brazil,0
19,2/11/20,Brazil,0
20,2/12/20,Brazil,0
21,2/13/20,Brazil,0
22,2/14/20,Brazil,0
23,2/15/20,Brazil,0
24,2/16/20,Brazil,0
25,2/17/20,Brazil,0
26,2/18/20,Brazil,0
27,2/19/20,Brazil,0
28,2/20/20,Brazil,0
29,2/21/20,Brazil,0
30,2/22/20,Brazil,0
31,2/23/20,Brazil,0
32,2/24/20,Brazil,0
33,2/25/20,Brazil,0
34,2/26/20,Brazil,1
35,2/27/20,Brazil,0
36,2/28/20,Brazil,0
37,2/29/20,Brazil,1
38,3/1/20,Brazil,0
39,3/2/20,Brazil,0
40,3/3/20,Brazil,0
41,3/4/20,Brazil,2
42,3/5/20,Brazil,0
43,3/6/20,Brazil,9
44,3/7/20,Brazil,0
45,3/8/20,Brazil,7
46,3/9/20,Brazil,5
47,3/10/20,Brazil,6
48,3/11/20,Brazil,7
49,3/12/20,Brazil,14
50,3/13/20,Brazil,99
51,3/14/20,Brazil,0
52,3/15/20,Brazil,11
53,3/16/20,Brazil,38
54,3/17/20,Brazil,121
55,3/18/20,Brazil,51
56,3/19/20,Brazil,249
57,3/20/20,Brazil,172
58,3/21/20,Brazil,228
59,3/22/20,Brazil,525
60,3/23/20,Brazil,378
61,3/24/20,Brazil,323
62,3/25/20,Brazil,307
63,3/26/20,Brazil,431
64,3/27/20,Brazil,432
65,3/28/20,Brazil,487
66,3/29/20,Brazil,352
67,3/30/20,Brazil,323
68,3/31/20,Brazil,1138
69,4/1/20,Brazil,1119
70,4/2/20,Brazil,1208
71,4/3/20,Brazil,1012
72,4/4/20,Brazil,1304
73,4/5/20,Brazil,770
74,4/6/20,Brazil,1031
75,4/7/20,Brazil,1873
76,4/8/20,Brazil,2136
77,4/9/20,Brazil,1922
78,4/10/20,Brazil,1546
79,4/11/20,Brazil,1089
80,4/12/20,Brazil,1465
81,4/13/20,Brazil,1238
82,4/14/20,Brazil,1832
83,4/15/20,Brazil,3058
84,4/16/20,Brazil,2105
85,4/17/20,Brazil,3257
86,4/18/20,Brazil,2976
87,4/19/20,Brazil,1996
88,4/20/20,Brazil,2089
89,4/21/20,Brazil,2336
90,4/22/20,Brazil,2678
91,4/23/20,Brazil,4279
92,4/24/20,Brazil,4007
93,4/25/20,Brazil,5281
94,4/26/20,Brazil,3776
95,4/27/20,Brazil,4346
96,4/28/20,Brazil,5789
97,4/29/20,Brazil,6450
98,4/30/20,Brazil,7502
99,5/1/20,Brazil,5015
100,5/2/20,Brazil,4898
101,5/3/20,Brazil,4726
102,5/4/20,Brazil,6794
103,5/5/20,Brazil,6835
104,5/6/20,Brazil,11156
105,5/7/20,Brazil,9162
106,5/8/20,Brazil,11121
107,5/9/20,Brazil,9167
108,5/10/20,Brazil,6638
109,5/11/20,Brazil,6895
110,5/12/20,Brazil,8620
111,5/13/20,Brazil,11923
112,5/14/20,Brazil,13028
113,5/15/20,Brazil,17126
114,5/16/20,Brazil,13220
115,5/17/20,Brazil,7569
116,5/18/20,Brazil,14288
117,5/19/20,Brazil,16517
118,5/20/20,Brazil,19694
119,5/21/20,Brazil,18508
120,5/22/20,Brazil,20803
121,5/23/20,Brazil,16508
122,5/24/20,Brazil,15813
123,5/25/20,Brazil,11687
124,5/26/20,Brazil,16324
125,5/27/20,Brazil,20599
126,5/28/20,Brazil,26417
127,5/29/20,Brazil,26928
128,5/30/20,Brazil,33274
129,5/31/20,Brazil,16409
130,6/1/20,Brazil,11598
131,6/2/20,Brazil,28936
132,6/3/20,Brazil,28633
133,6/4/20,Brazil,30925
134,6/5/20,Brazil,30830
135,6/6/20,Brazil,27075
136,6/7/20,Brazil,18912
137,6/8/20,Brazil,15654
138,6/9/20,Brazil,32091
139,6/10/20,Brazil,32913
140,6/11/20,Brazil,30412
141,6/12/20,Brazil,25982
142,6/13/20,Brazil,21704
143,6/14/20,Brazil,17110
144,6/15/20,Brazil,20647
145,6/16/20,Brazil,34918
146,6/17/20,Brazil,32188
147,6/18/20,Brazil,22765
148,6/19/20,Brazil,54771
149,6/20/20,Brazil,34666
150,6/21/20,Brazil,15762
151,6/22/20,Brazil,23129
152,6/23/20,Brazil,39436
153,6/24/20,Brazil,42725
154,6/25/20,Brazil,39483
155,6/26/20,Brazil,46860
156,6/27/20,Brazil,38693
157,6/28/20,Brazil,30476
158,6/29/20,Brazil,24052
159,6/30/20,Brazil,33846
160,7/1/20,Brazil,46712
161,7/2/20,Brazil,48105
162,7/3/20,Brazil,42223
163,7/4/20,Brazil,37923
164,7/5/20,Brazil,26051
165,7/6/20,Brazil,20229
166,7/7/20,Brazil,45305
167,7/8/20,Brazil,44571
168,7/9/20,Brazil,42619
169,7/10/20,Brazil,45048
170,7/11/20,Brazil,39023
171,7/12/20,Brazil,24831
172,7/13/20,Brazil,20286
173,7/14/20,Brazil,41857
174,7/15/20,Brazil,39924
175,7/16/20,Brazil,45403
176,7/17/20,Brazil,34177
177,7/18/20,Brazil,28532
178,7/19/20,Brazil,23529
179,7/20/20,Brazil,20257
180,7/21/20,Brazil,41008
181,7/22/20,Brazil,67860
182,7/23/20,Brazil,59961
183,7/24/20,Brazil,55891
184,7/25/20,Brazil,51147
185,7/26/20,Brazil,24578
186,7/27/20,Brazil,23284
187,7/28/20,Brazil,40816
188,7/29/20,Brazil,69074
189,7/30/20,Brazil,57837
190,7/31/20,Brazil,52383
191,8/1/20,Brazil,45392
192,8/2/20,Brazil,25800
193,8/3/20,Brazil,16641
194,8/4/20,Brazil,51603
195,8/5/20,Brazil,57152
196,8/6/20,Brazil,53139
197,8/7/20,Brazil,50230
198,8/8/20,Brazil,49970
199,8/9/20,Brazil,23010
200,8/10/20,Brazil,22048
201,8/11/20,Brazil,52160
202,8/12/20,Brazil,55155
203,8/13/20,Brazil,60091
204,8/14/20,Brazil,50644
205,8/15/20,Brazil,41576
206,8/16/20,Brazil,23101
207,8/17/20,Brazil,19373
208,8/18/20,Brazil,47784
209,8/19/20,Brazil,49298
210,8/20/20,Brazil,45323
211,8/21/20,Brazil,30355
212,8/22/20,Brazil,50032
213,8/23/20,Brazil,23421
214,8/24/20,Brazil,17078
215,8/25/20,Brazil,47134
216,8/26/20,Brazil,47161
217,8/27/20,Brazil,44235
218,8/28/20,Brazil,43412
219,8/29/20,Brazil,41350
220,8/30/20,Brazil,16158
221,8/31/20,Brazil,45961
222,9/1/20,Brazil,42659
223,9/2/20,Brazil,46934
224,9/3/20,Brazil,43773
225,9/4/20,Brazil,50163
226,9/5/20,Brazil,31199
227,9/6/20,Brazil,14521
228,9/7/20,Brazil,10273
229,9/8/20,Brazil,14279
230,9/9/20,Brazil,35816
231,9/10/20,Brazil,40557
232,9/11/20,Brazil,43718
233,9/12/20,Brazil,33523
234,9/13/20,Brazil,14768
235,9/14/20,Brazil,15155
236,9/15/20,Brazil,36653
237,9/16/20,Brazil,36820
238,9/17/20,Brazil,36303
239,9/18/20,Brazil,39797
240,9/19/20,Brazil,33057
241,9/20/20,Brazil,16389
242,9/21/20,Brazil,13411
243,9/22/20,Brazil,33324
244,9/23/20,Brazil,0
245,9/24/20,Brazil,66338
246,9/25/20,Brazil,31911
247,9/26/20,Brazil,28378
248,9/27/20,Brazil,14318
249,9/28/20,Brazil,13155
250,9/29/20,Brazil,32058
251,9/30/20,Brazil,33413
252,10/1/20,Brazil,36157
253,10/2/20,Brazil,0
254,10/3/20,Brazil,59741
255,10/4/20,Brazil,8456
256,10/5/20,Brazil,11946
257,10/6/20,Brazil,41906
258,10/7/20,Brazil,31553
259,10/8/20,Brazil,27750
260,10/9/20,Brazil,27444
261,10/10/20,Brazil,26749
262,10/11/20,Brazil,12342
263,10/12/20,Brazil,8429
264,10/13/20,Brazil,10220
265,10/14/20,Brazil,27235
266,10/15/20,Brazil,28523
267,10/16/20,Brazil,30914
268,10/17/20,Brazil,24062
269,10/18/20,Brazil,0
270,10/19/20,Brazil,26365
271,10/20/20,Brazil,23227
272,10/21/20,Brazil,24818
273,10/22/20,Brazil,24858
274,10/23/20,Brazil,30026
275,10/24/20,Brazil,26979
276,10/25/20,Brazil,13493
277,10/26/20,Brazil,15726
278,10/27/20,Brazil,29787
279,10/28/20,Brazil,28629
280,10/29/20,Brazil,26106
281,10/30/20,Brazil,22282
282,10/31/20,Brazil,18947
283,11/1/20,Brazil,10100
284,11/2/20,Brazil,8501
285,11/3/20,Brazil,11843
286,11/4/20,Brazil,23976
287,11/5/20,Brazil,0
288,11/6/20,Brazil,41156
289,11/7/20,Brazil,22380
290,11/8/20,Brazil,10554
291,11/9/20,Brazil,10917
292,11/10/20,Brazil,23973
293,11/11/20,Brazil,48655
294,11/12/20,Brazil,33922
295,11/13/20,Brazil,29070
296,11/14/20,Brazil,38307
297,11/15/20,Brazil,14134
298,11/16/20,Brazil,13371
299,11/17/20,Brazil,35294
300,11/18/20,Brazil,34091
301,11/19/20,Brazil,35918
302,11/20/20,Brazil,38397
303,11/21/20,Brazil,32622
304,11/22/20,Brazil,18615
305,11/23/20,Brazil,16207
306,11/24/20,Brazil,31100
307,11/25/20,Brazil,47898
308,11/26/20,Brazil,37614
309,11/27/20,Brazil,34130
310,11/28/20,Brazil,51922
311,11/29/20,Brazil,24468
312,11/30/20,Brazil,21138
313,12/1/20,Brazil,50909
314,12/2/20,Brazil,49863
315,12/3/20,Brazil,50434
316,12/4/20,Brazil,46884
317,12/5/20,Brazil,43209
318,12/6/20,Brazil,26363
319,12/7/20,Brazil,20371
320,12/8/20,Brazil,51088
321,12/9/20,Brazil,53453
322,12/10/20,Brazil,53347
323,12/11/20,Brazil,54428
324,12/12/20,Brazil,43900
325,12/13/20,Brazil,21825
326,12/14/20,Brazil,25193
327,12/15/20,Brazil,42889
328,12/16/20,Brazil,70574
329,12/17/20,Brazil,69826
330,12/18/20,Brazil,52544
331,12/19/20,Brazil,50177
332,12/20/20,Brazil,25445
333,12/21/20,Brazil,25019
334,12/22/20,Brazil,55202
335,12/23/20,Brazil,46696
336,12/24/20,Brazil,58428
337,12/25/20,Brazil,24615
338,12/26/20,Brazil,17246
339,12/27/20,Brazil,18479
340,12/28/20,Brazil,20548
341,12/29/20,Brazil,58718
342,12/30/20,Brazil,55649
343,12/31/20,Brazil,56773
344,1/1/21,Brazil,24605
345,1/2/21,Brazil,15827
346,1/3/21,Brazil,17341
347,1/4/21,Brazil,20006
348,1/5/21,Brazil,56648
349,1/6/21,Brazil,63430
350,1/7/21,Brazil,87843
351,1/8/21,Brazil,52035
352,1/9/21,Brazil,62290
353,1/10/21,Brazil,29792
354,1/11/21,Brazil,25822
355,1/12/21,Brazil,64025
356,1/13/21,Brazil,60899
357,1/14/21,Brazil,67758
358,1/15/21,Brazil,69198
359,1/16/21,Brazil,61567
360,1/17/21,Brazil,33040
361,1/18/21,Brazil,23671
362,1/19/21,Brazil,62094
363,1/20/21,Brazil,64385
364,1/21/21,Brazil,59119
365,1/22/21,Brazil,56552
366,1/23/21,Brazil,62334
367,1/24/21,Brazil,28323
368,1/25/21,Brazil,26816
369,1/26/21,Brazil,61963
370,1/27/21,Brazil,63520
371,1/28/21,Brazil,61811
372,1/29/21,Brazil,59826
373,1/30/21,Brazil,58462
374,1/31/21,Brazil,27756
375,2/1/21,Brazil,24591
376,2/2/21,Brazil,54096
377,2/3/21,Brazil,56002
378,2/4/21,Brazil,56873
379,2/5/21,Brazil,50872
380,2/6/21,Brazil,0
381,2/7/21,Brazil,77475
382,2/8/21,Brazil,0
383,2/9/21,Brazil,74925
384,2/10/21,Brazil,59602
385,2/11/21,Brazil,54742
386,2/12/21,Brazil,51546
387,2/13/21,Brazil,44299
388,2/14/21,Brazil,24759
389,2/15/21,Brazil,32197
390,2/16/21,Brazil,55271
391,2/17/21,Brazil,56766
392,2/18/21,Brazil,51879
393,2/19/21,Brazil,53582
394,2/20/21,Brazil,54940
395,2/21/21,Brazil,29026
396,2/22/21,Brazil,26986
397,2/23/21,Brazil,62715
398,2/24/21,Brazil,66588
399,2/25/21,Brazil,65998
400,2/26/21,Brazil,65169
401,2/27/21,Brazil,61602
402,2/28/21,Brazil,34027
403,3/1/21,Brazil,35742
404,3/2/21,Brazil,59925
405,3/3/21,Brazil,71704
406,3/4/21,Brazil,75102
407,3/5/21,Brazil,75495
408,3/6/21,Brazil,69609
409,3/7/21,Brazil,80508
410,3/8/21,Brazil,32321
411,3/9/21,Brazil,70764
412,3/10/21,Brazil,79876
413,3/11/21,Brazil,75412
414,3/12/21,Brazil,85663
415,3/13/21,Brazil,76178
416,3/14/21,Brazil,43812
417,3/15/21,Brazil,36239
418,3/16/21,Brazil,83926
419,3/17/21,Brazil,90303
420,3/18/21,Brazil,86982
421,3/19/21,Brazil,90570
422,3/20/21,Brazil,79069
423,3/21/21,Brazil,47774
424,3/22/21,Brazil,49293
425,3/23/21,Brazil,82493
426,3/24/21,Brazil,89992
427,3/25/21,Brazil,100158
428,3/26/21,Brazil,84245
429,3/27/21,Brazil,85948
430,3/28/21,Brazil,44326
431,3/29/21,Brazil,38927
432,3/30/21,Brazil,84494
433,3/31/21,Brazil,90638
434,4/1/21,Brazil,91097
435,4/2/21,Brazil,70238
436,4/3/21,Brazil,43515
437,4/4/21,Brazil,31359
438,4/5/21,Brazil,28645
439,4/6/21,Brazil,86979
440,4/7/21,Brazil,92625
441,4/8/21,Brazil,86652
442,4/9/21,Brazil,93317
443,4/10/21,Brazil,71832
444,4/11/21,Brazil,37017
445,4/12/21,Brazil,35785
446,4/13/21,Brazil,82186
447,4/14/21,Brazil,73513
448,4/15/21,Brazil,73174
449,4/16/21,Brazil,85774
450,4/17/21,Brazil,67636
451,4/18/21,Brazil,42980
452,4/19/21,Brazil,30624
453,4/20/21,Brazil,69381
454,4/21/21,Brazil,79719
455,4/22/21,Brazil,45178
456,4/23/21,Brazil,69105
457,4/24/21,Brazil,71137
458,4/25/21,Brazil,32572
459,4/26/21,Brazil,28636
460,4/27/21,Brazil,72140
461,4/28/21,Brazil,79726
462,4/29/21,Brazil,69389
463,4/30/21,Brazil,68333
464,5/1/21,Brazil,66964
465,5/2/21,Brazil,28935
466,5/3/21,Brazil,24619
467,5/4/21,Brazil,77359
468,5/5/21,Brazil,73295
469,5/6/21,Brazil,73380
470,5/7/21,Brazil,78886
471,5/8/21,Brazil,63430
472,5/9/21,Brazil,38911
473,5/10/21,Brazil,25200
474,5/11/21,Brazil,72715
475,5/12/21,Brazil,76692
476,5/13/21,Brazil,74592
477,5/14/21,Brazil,85536
478,5/15/21,Brazil,67009
479,5/16/21,Brazil,40709
480,5/17/21,Brazil,30148
481,5/18/21,Brazil,75445
482,5/19/21,Brazil,79219
483,5/20/21,Brazil,82039
484,5/21/21,Brazil,76855
485,5/22/21,Brazil,76490
486,5/23/21,Brazil,35819
487,5/24/21,Brazil,37498
488,5/25/21,Brazil,73453
489,5/26/21,Brazil,80486
490,5/27/21,Brazil,67467
491,5/28/21,Brazil,49768
492,5/29/21,Brazil,79670
493,5/30/21,Brazil,43520
494,5/31/21,Brazil,30434
495,6/1/21,Brazil,78926
496,6/2/21,Brazil,95601
497,6/3/21,Brazil,83391
498,6/4/21,Brazil,37936
499,6/5/21,Brazil,66017
500,6/6/21,Brazil,39637
501,6/7/21,Brazil,37156
502,6/8/21,Brazil,52911
503,6/9/21,Brazil,85748
504,6/10/21,Brazil,88092
505,6/11/21,Brazil,85149
506,6/12/21,Brazil,78700
507,6/13/21,Brazil,37948
508,6/14/21,Brazil,39846
509,6/15/21,Brazil,80609
510,6/16/21,Brazil,95367
511,6/17/21,Brazil,74042
512,6/18/21,Brazil,98832
513,6/19/21,Brazil,82288
514,6/20/21,Brazil,44178
515,6/21/21,Brazil,38903
516,6/22/21,Brazil,87822
517,6/23/21,Brazil,115228
518,6/24/21,Brazil,73602
519,6/25/21,Brazil,79277
520,6/26/21,Brazil,64134
521,6/27/21,Brazil,33704
522,6/28/21,Brazil,27804
523,6/29/21,Brazil,64903
524,6/30/21,Brazil,43836
525,7/1/21,Brazil,65163
526,7/2/21,Brazil,65165
527,7/3/21,Brazil,54556
528,7/4/21,Brazil,27783
529,7/5/21,Brazil,22703
530,7/6/21,Brazil,62504
531,7/7/21,Brazil,54022
532,7/8/21,Brazil,53725
533,7/9/21,Brazil,57737
534,7/10/21,Brazil,48504
535,7/11/21,Brazil,20937
536,7/12/21,Brazil,17031
537,7/13/21,Brazil,45022
538,7/14/21,Brazil,57736
539,7/15/21,Brazil,52789
540,7/16/21,Brazil,45591
541,7/17/21,Brazil,34339
542,7/18/21,Brazil,34126
543,7/19/21,Brazil,15271
544,7/20/21,Brazil,27592
545,7/21/21,Brazil,54517
546,7/22/21,Brazil,49757
547,7/23/21,Brazil,108732
548,7/24/21,Brazil,38091
549,7/25/21,Brazil,18129
550,7/26/21,Brazil,18999
551,7/27/21,Brazil,41411
552,7/28/21,Brazil,48013
553,7/29/21,Brazil,42283
554,7/30/21,Brazil,40904
555,7/31/21,Brazil,37582
556,8/1/21,Brazil,20503
557,8/2/21,Brazil,15143
558,8/3/21,Brazil,32316
559,8/4/21,Brazil,40716
560,8/5/21,Brazil,40054
561,8/6/21,Brazil,42159
562,8/7/21,Brazil,43033
563,8/8/21,Brazil,13893
564,8/9/21,Brazil,12085
565,8/10/21,Brazil,34885
566,8/11/21,Brazil,32443
567,8/12/21,Brazil,39982
568,8/13/21,Brazil,33933
569,8/14/21,Brazil,31142
570,8/15/21,Brazil,13957
571,8/16/21,Brazil,14471
572,8/17/21,Brazil,37613
573,8/18/21,Brazil,41714
574,8/19/21,Brazil,36315
575,8/20/21,Brazil,33887
576,8/21/21,Brazil,28388
577,8/22/21,Brazil,14404
578,8/23/21,Brazil,13103
579,8/24/21,Brazil,30872
580,8/25/21,Brazil,30671
581,8/26/21,Brazil,31024
582,8/27/21,Brazil,27345
583,8/28/21,Brazil,24699
584,8/29/21,Brazil,13210
585,8/30/21,Brazil,10466
586,1/23/20,India,0
587,1/24/20,India,0
588,1/25/20,India,0
589,1/26/20,India,0
590,1/27/20,India,0
591,1/28/20,India,0
592,1/29/20,India,0
593,1/30/20,India,1
594,1/31/20,India,0
595,2/1/20,India,0
596,2/2/20,India,1
597,2/3/20,India,1
598,2/4/20,India,0
599,2/5/20,India,0
600,2/6/20,India,0
601,2/7/20,India,0
602,2/8/20,India,0
603,2/9/20,India,0
604,2/10/20,India,0
605,2/11/20,India,0
606,2/12/20,India,0
607,2/13/20,India,0
608,2/14/20,India,0
609,2/15/20,India,0
610,2/16/20,India,0
611,2/17/20,India,0
612,2/18/20,India,0
613,2/19/20,India,0
614,2/20/20,India,0
615,2/21/20,India,0
616,2/22/20,India,0
617,2/23/20,India,0
618,2/24/20,India,0
619,2/25/20,India,0
620,2/26/20,India,0
621,2/27/20,India,0
622,2/28/20,India,0
623,2/29/20,India,0
624,3/1/20,India,0
625,3/2/20,India,2
626,3/3/20,India,0
627,3/4/20,India,23
628,3/5/20,India,2
629,3/6/20,India,1
630,3/7/20,India,3
631,3/8/20,India,5
632,3/9/20,India,4
633,3/10/20,India,13
634,3/11/20,India,6
635,3/12/20,India,11
636,3/13/20,India,9
637,3/14/20,India,20
638,3/15/20,India,11
639,3/16/20,India,6
640,3/17/20,India,23
641,3/18/20,India,14
642,3/19/20,India,38
643,3/20/20,India,50
644,3/21/20,India,86
645,3/22/20,India,66
646,3/23/20,India,103
647,3/24/20,India,37
648,3/25/20,India,121
649,3/26/20,India,70
650,3/27/20,India,160
651,3/28/20,India,100
652,3/29/20,India,37
653,3/30/20,India,227
654,3/31/20,India,146
655,4/1/20,India,601
656,4/2/20,India,545
657,4/3/20,India,24
658,4/4/20,India,515
659,4/5/20,India,506
660,4/6/20,India,1190
661,4/7/20,India,533
662,4/8/20,India,605
663,4/9/20,India,809
664,4/10/20,India,873
665,4/11/20,India,848
666,4/12/20,India,759
667,4/13/20,India,1248
668,4/14/20,India,1034
669,4/15/20,India,835
670,4/16/20,India,1108
671,4/17/20,India,922
672,4/18/20,India,1370
673,4/19/20,India,1893
674,4/20/20,India,924
675,4/21/20,India,1541
676,4/22/20,India,1290
677,4/23/20,India,1707
678,4/24/20,India,1453
679,4/25/20,India,1753
680,4/26/20,India,1607
681,4/27/20,India,1561
682,4/28/20,India,1873
683,4/29/20,India,1738
684,4/30/20,India,1801
685,5/1/20,India,2394
686,5/2/20,India,2442
687,5/3/20,India,2806
688,5/4/20,India,3932
689,5/5/20,India,2963
690,5/6/20,India,3587
691,5/7/20,India,3364
692,5/8/20,India,3344
693,5/9/20,India,3113
694,5/10/20,India,4353
695,5/11/20,India,3607
696,5/12/20,India,3524
697,5/13/20,India,3763
698,5/14/20,India,3942
699,5/15/20,India,3787
700,5/16/20,India,4864
701,5/17/20,India,5050
702,5/18/20,India,4630
703,5/19/20,India,6147
704,5/20/20,India,5553
705,5/21/20,India,6198
706,5/22/20,India,6568
707,5/23/20,India,6629
708,5/24/20,India,7113
709,5/25/20,India,6414
710,5/26/20,India,5843
711,5/27/20,India,7293
712,5/28/20,India,7300
713,5/29/20,India,8105
714,5/30/20,India,8336
715,5/31/20,India,8782
716,6/1/20,India,7761
717,6/2/20,India,8821
718,6/3/20,India,9633
719,6/4/20,India,9889
720,6/5/20,India,9471
721,6/6/20,India,10438
722,6/7/20,India,10864
723,6/8/20,India,8442
724,6/9/20,India,10218
725,6/10/20,India,10459
726,6/11/20,India,10930
727,6/12/20,India,11458
728,6/13/20,India,11929
729,6/14/20,India,11502
730,6/15/20,India,10667
731,6/16/20,India,10974
732,6/17/20,India,12881
733,6/18/20,India,13586
734,6/19/20,India,14516
735,6/20/20,India,15403
736,6/21/20,India,14831
737,6/22/20,India,14933
738,6/23/20,India,15968
739,6/24/20,India,16922
740,6/25/20,India,17296
741,6/26/20,India,18552
742,6/27/20,India,19906
743,6/28/20,India,19459
744,6/29/20,India,18522
745,6/30/20,India,18641
746,7/1/20,India,19160
747,7/2/20,India,20903
748,7/3/20,India,22771
749,7/4/20,India,24850
750,7/5/20,India,24248
751,7/6/20,India,22251
752,7/7/20,India,22753
753,7/8/20,India,24879
754,7/9/20,India,26506
755,7/10/20,India,27114
756,7/11/20,India,28606
757,7/12/20,India,28732
758,7/13/20,India,28498
759,7/14/20,India,29429
760,7/15/20,India,32676
761,7/16/20,India,34975
762,7/17/20,India,35252
763,7/18/20,India,38697
764,7/19/20,India,40425
765,7/20/20,India,37132
766,7/21/20,India,37740
767,7/22/20,India,45720
768,7/23/20,India,49310
769,7/24/20,India,48916
770,7/25/20,India,48611
771,7/26/20,India,49981
772,7/27/20,India,44457
773,7/28/20,India,51596
774,7/29/20,India,50294
775,7/30/20,India,52783
776,7/31/20,India,61242
777,8/1/20,India,54735
778,8/2/20,India,52972
779,8/3/20,India,52050
780,8/4/20,India,52509
781,8/5/20,India,56282
782,8/6/20,India,62538
783,8/7/20,India,61537
784,8/8/20,India,64399
785,8/9/20,India,62064
786,8/10/20,India,53601
787,8/11/20,India,60963
788,8/12/20,India,66999
789,8/13/20,India,64553
790,8/14/20,India,64732
791,8/15/20,India,64030
792,8/16/20,India,57711
793,8/17/20,India,55018
794,8/18/20,India,64572
795,8/19/20,India,69672
796,8/20/20,India,68900
797,8/21/20,India,69876
798,8/22/20,India,69239
799,8/23/20,India,61408
800,8/24/20,India,60975
801,8/25/20,India,57224
802,8/26/20,India,85687
803,8/27/20,India,77266
804,8/28/20,India,76472
805,8/29/20,India,78761
806,8/30/20,India,78512
807,8/31/20,India,69921
808,9/1/20,India,78357
809,9/2/20,India,83883
810,9/3/20,India,83341
811,9/4/20,India,86432
812,9/5/20,India,90632
813,9/6/20,India,90802
814,9/7/20,India,75809
815,9/8/20,India,89706
816,9/9/20,India,95735
817,9/10/20,India,96551
818,9/11/20,India,97570
819,9/12/20,India,94372
820,9/13/20,India,92071
821,9/14/20,India,83809
822,9/15/20,India,90123
823,9/16/20,India,97894
824,9/17/20,India,96424
825,9/18/20,India,93337
826,9/19/20,India,92605
827,9/20/20,India,86961
828,9/21/20,India,75083
829,9/22/20,India,83347
830,9/23/20,India,86508
831,9/24/20,India,86052
832,9/25/20,India,85362
833,9/26/20,India,88600
834,9/27/20,India,82170
835,9/28/20,India,70589
836,9/29/20,India,80472
837,9/30/20,India,86821
838,10/1/20,India,81484
839,10/2/20,India,79476
840,10/3/20,India,75829
841,10/4/20,India,74442
842,10/5/20,India,61267
843,10/6/20,India,72049
844,10/7/20,India,78524
845,10/8/20,India,70496
846,10/9/20,India,73272
847,10/10/20,India,74383
848,10/11/20,India,66732
849,10/12/20,India,55342
850,10/13/20,India,63509
851,10/14/20,India,67708
852,10/15/20,India,63371
853,10/16/20,India,62212
854,10/17/20,India,61871
855,10/18/20,India,55722
856,10/19/20,India,46790
857,10/20/20,India,54044
858,10/21/20,India,55839
859,10/22/20,India,54366
860,10/23/20,India,53370
861,10/24/20,India,50129
862,10/25/20,India,45148
863,10/26/20,India,36470
864,10/27/20,India,43893
865,10/28/20,India,49881
866,10/29/20,India,48648
867,10/30/20,India,48268
868,10/31/20,India,46963
869,11/1/20,India,45231
870,11/2/20,India,38310
871,11/3/20,India,46253
872,11/4/20,India,50210
873,11/5/20,India,47638
874,11/6/20,India,50356
875,11/7/20,India,45674
876,11/8/20,India,45903
877,11/9/20,India,38073
878,11/10/20,India,44281
879,11/11/20,India,47905
880,11/12/20,India,44879
881,11/13/20,India,44684
882,11/14/20,India,41100
883,11/15/20,India,30548
884,11/16/20,India,29163
885,11/17/20,India,38617
886,11/18/20,India,45576
887,11/19/20,India,45882
888,11/20/20,India,46232
889,11/21/20,India,45209
890,11/22/20,India,44059
891,11/23/20,India,37975
892,11/24/20,India,44376
893,11/25/20,India,44489
894,11/26/20,India,43082
895,11/27/20,India,41322
896,11/28/20,India,41810
897,11/29/20,India,38772
898,11/30/20,India,31118
899,12/1/20,India,36604
900,12/2/20,India,35551
901,12/3/20,India,36595
902,12/4/20,India,36652
903,12/5/20,India,36011
904,12/6/20,India,32981
905,12/7/20,India,26567
906,12/8/20,India,32080
907,12/9/20,India,31521
908,12/10/20,India,29373
909,12/11/20,India,30031
910,12/12/20,India,30254
911,12/13/20,India,27071
912,12/14/20,India,22065
913,12/15/20,India,26382
914,12/16/20,India,24010
915,12/17/20,India,22890
916,12/18/20,India,25152
917,12/19/20,India,26624
918,12/20/20,India,24337
919,12/21/20,India,19556
920,12/22/20,India,23950
921,12/23/20,India,24712
922,12/24/20,India,23067
923,12/25/20,India,22273
924,12/26/20,India,18732
925,12/27/20,India,20021
926,12/28/20,India,16432
927,12/29/20,India,20549
928,12/30/20,India,21822
929,12/31/20,India,20035
930,1/1/21,India,39114
931,1/2/21,India,-1858
932,1/3/21,India,16504
933,1/4/21,India,16375
934,1/5/21,India,18088
935,1/6/21,India,20346
936,1/7/21,India,18139
937,1/8/21,India,0
938,1/9/21,India,36867
939,1/10/21,India,16311
940,1/11/21,India,12584
941,1/12/21,India,15968
942,1/13/21,India,16946
943,1/14/21,India,15590
944,1/15/21,India,15158
945,1/16/21,India,15144
946,1/17/21,India,13788
947,1/18/21,India,10050
948,1/19/21,India,13816
949,1/20/21,India,15244
950,1/21/21,India,14545
951,1/22/21,India,14256
952,1/23/21,India,14849
953,1/24/21,India,13203
954,1/25/21,India,9102
955,1/26/21,India,12689
956,1/27/21,India,11666
957,1/28/21,India,18855
958,1/29/21,India,13082
959,1/30/21,India,13044
960,1/31/21,India,11436
961,2/1/21,India,8635
962,2/2/21,India,11039
963,2/3/21,India,12899
964,2/4/21,India,12408
965,2/5/21,India,11713
966,2/6/21,India,12059
967,2/7/21,India,11831
968,2/8/21,India,9110
969,2/9/21,India,11067
970,2/10/21,India,12923
971,2/11/21,India,9309
972,2/12/21,India,12143
973,2/13/21,India,12194
974,2/14/21,India,11649
975,2/15/21,India,9121
976,2/16/21,India,11610
977,2/17/21,India,12881
978,2/18/21,India,13193
979,2/19/21,India,13993
980,2/20/21,India,14264
981,2/21/21,India,14199
982,2/22/21,India,10584
983,2/23/21,India,13742
984,2/24/21,India,16738
985,2/25/21,India,16577
986,2/26/21,India,16488
987,2/27/21,India,16752
988,2/28/21,India,15510
989,3/1/21,India,12286
990,3/2/21,India,14989
991,3/3/21,India,17407
992,3/4/21,India,16838
993,3/5/21,India,18284
994,3/6/21,India,18754
995,3/7/21,India,18599
996,3/8/21,India,15388
997,3/9/21,India,17921
998,3/10/21,India,22854
999,3/11/21,India,23285
1000,3/12/21,India,24882
1001,3/13/21,India,25320
1002,3/14/21,India,26291
1003,3/15/21,India,24492
1004,3/16/21,India,28903
1005,3/17/21,India,35871
1006,3/18/21,India,39726
1007,3/19/21,India,40953
1008,3/20/21,India,43846
1009,3/21/21,India,46951
1010,3/22/21,India,40715
1011,3/23/21,India,47262
1012,3/24/21,India,53476
1013,3/25/21,India,59118
1014,3/26/21,India,62258
1015,3/27/21,India,62714
1016,3/28/21,India,68020
1017,3/29/21,India,56211
1018,3/30/21,India,53480
1019,3/31/21,India,72330
1020,4/1/21,India,81466
1021,4/2/21,India,89129
1022,4/3/21,India,93249
1023,4/4/21,India,103558
1024,4/5/21,India,96982
1025,4/6/21,India,115736
1026,4/7/21,India,126789
1027,4/8/21,India,131968
1028,4/9/21,India,145384
1029,4/10/21,India,152879
1030,4/11/21,India,168912
1031,4/12/21,India,161736
1032,4/13/21,India,184372
1033,4/14/21,India,200739
1034,4/15/21,India,217353
1035,4/16/21,India,234692
1036,4/17/21,India,261394
1037,4/18/21,India,273802
1038,4/19/21,India,259167
1039,4/20/21,India,295158
1040,4/21/21,India,314644
1041,4/22/21,India,332921
1042,4/23/21,India,346786
1043,4/24/21,India,349691
1044,4/25/21,India,352991
1045,4/26/21,India,323023
1046,4/27/21,India,360927
1047,4/28/21,India,379308
1048,4/29/21,India,386555
1049,4/30/21,India,401993
1050,5/1/21,India,392488
1051,5/2/21,India,368060
1052,5/3/21,India,357316
1053,5/4/21,India,382146
1054,5/5/21,India,412431
1055,5/6/21,India,414188
1056,5/7/21,India,401078
1057,5/8/21,India,403405
1058,5/9/21,India,366494
1059,5/10/21,India,329942
1060,5/11/21,India,348421
1061,5/12/21,India,362727
1062,5/13/21,India,343144
1063,5/14/21,India,326098
1064,5/15/21,India,311170
1065,5/16/21,India,281386
1066,5/17/21,India,263533
1067,5/18/21,India,267334
1068,5/19/21,India,276110
1069,5/20/21,India,259551
1070,5/21/21,India,257299
1071,5/22/21,India,240842
1072,5/23/21,India,222315
1073,5/24/21,India,196427
1074,5/25/21,India,208921
1075,5/26/21,India,211298
1076,5/27/21,India,186364
1077,5/28/21,India,173790
1078,5/29/21,India,165553
1079,5/30/21,India,152734
1080,5/31/21,India,127510
1081,6/1/21,India,132788
1082,6/2/21,India,134154
1083,6/3/21,India,132364
1084,6/4/21,India,120529
1085,6/5/21,India,114460
1086,6/6/21,India,100636
1087,6/7/21,India,86498
1088,6/8/21,India,92596
1089,6/9/21,India,93463
1090,6/10/21,India,92291
1091,6/11/21,India,84332
1092,6/12/21,India,80834
1093,6/13/21,India,70421
1094,6/14/21,India,60471
1095,6/15/21,India,62224
1096,6/16/21,India,67208
1097,6/17/21,India,62480
1098,6/18/21,India,60753
1099,6/19/21,India,58226
1100,6/20/21,India,53449
1101,6/21/21,India,42640
1102,6/22/21,India,50848
1103,6/23/21,India,54069
1104,6/24/21,India,51667
1105,6/25/21,India,48698
1106,6/26/21,India,50040
1107,6/27/21,India,46148
1108,6/28/21,India,37566
1109,6/29/21,India,45951
1110,6/30/21,India,48786
1111,7/1/21,India,46617
1112,7/2/21,India,44111
1113,7/3/21,India,43071
1114,7/4/21,India,39796
1115,7/5/21,India,34703
1116,7/6/21,India,43733
1117,7/7/21,India,45892
1118,7/8/21,India,43393
1119,7/9/21,India,42766
1120,7/10/21,India,41506
1121,7/11/21,India,37154
1122,7/12/21,India,32906
1123,7/13/21,India,38865
1124,7/14/21,India,41733
1125,7/15/21,India,38949
1126,7/16/21,India,38079
1127,7/17/21,India,41157
1128,7/18/21,India,38164
1129,7/19/21,India,30093
1130,7/20/21,India,42015
1131,7/21/21,India,41383
1132,7/22/21,India,35342
1133,7/23/21,India,0
1134,7/24/21,India,78839
1135,7/25/21,India,39361
1136,7/26/21,India,29689
1137,7/27/21,India,43654
1138,7/28/21,India,43509
1139,7/29/21,India,44230
1140,7/30/21,India,41649
1141,7/31/21,India,41831
1142,8/1/21,India,40134
1143,8/2/21,India,30549
1144,8/3/21,India,42625
1145,8/4/21,India,42982
1146,8/5/21,India,44643
1147,8/6/21,India,38628
1148,8/7/21,India,39070
1149,8/8/21,India,35499
1150,8/9/21,India,28204
1151,8/10/21,India,38353
1152,8/11/21,India,41195
1153,8/12/21,India,40120
1154,8/13/21,India,38667
1155,8/14/21,India,36083
1156,8/15/21,India,32937
1157,8/16/21,India,25166
1158,8/17/21,India,35178
1159,8/18/21,India,36401
1160,8/19/21,India,36571
1161,8/20/21,India,34457
1162,8/21/21,India,30948
1163,8/22/21,India,25072
1164,8/23/21,India,25467
1165,8/24/21,India,37593
1166,8/25/21,India,46164
1167,8/26/21,India,44658
1168,8/27/21,India,46759
1169,8/28/21,India,45083
1170,8/29/21,India,42909
1171,8/30/21,India,30941
1172,1/23/20,US,0
1173,1/24/20,US,1
1174,1/25/20,US,0
1175,1/26/20,US,3
1176,1/27/20,US,0
1177,1/28/20,US,0
1178,1/29/20,US,1
1179,1/30/20,US,0
1180,1/31/20,US,2
1181,2/1/20,US,0
1182,2/2/20,US,0
1183,2/3/20,US,3
1184,2/4/20,US,0
1185,2/5/20,US,0
1186,2/6/20,US,1
1187,2/7/20,US,0
1188,2/8/20,US,0
1189,2/9/20,US,0
1190,2/10/20,US,0
1191,2/11/20,US,1
1192,2/12/20,US,0
1193,2/13/20,US,1
1194,2/14/20,US,0
1195,2/15/20,US,0
1196,2/16/20,US,0
1197,2/17/20,US,0
1198,2/18/20,US,0
1199,2/19/20,US,0
1200,2/20/20,US,0
1201,2/21/20,US,2
1202,2/22/20,US,0
1203,2/23/20,US,0
1204,2/24/20,US,0
1205,2/25/20,US,0
1206,2/26/20,US,0
1207,2/27/20,US,1
1208,2/28/20,US,0
1209,2/29/20,US,8
1210,3/1/20,US,7
1211,3/2/20,US,23
1212,3/3/20,US,19
1213,3/4/20,US,33
1214,3/5/20,US,77
1215,3/6/20,US,53
1216,3/7/20,US,166
1217,3/8/20,US,116
1218,3/9/20,US,75
1219,3/10/20,US,188
1220,3/11/20,US,365
1221,3/12/20,US,439
1222,3/13/20,US,633
1223,3/14/20,US,759
1224,3/15/20,US,234
1225,3/16/20,US,1467
1226,3/17/20,US,1833
1227,3/18/20,US,2657
1228,3/19/20,US,4494
1229,3/20/20,US,6367
1230,3/21/20,US,5995
1231,3/22/20,US,8873
1232,3/23/20,US,11238
1233,3/24/20,US,10619
1234,3/25/20,US,12082
1235,3/26/20,US,17856
1236,3/27/20,US,18690
1237,3/28/20,US,19630
1238,3/29/20,US,18899
1239,3/30/20,US,22075
1240,3/31/20,US,26314
1241,4/1/20,US,32286
1242,4/2/20,US,32222
1243,4/3/20,US,32307
1244,4/4/20,US,32386
1245,4/5/20,US,29895
1246,4/6/20,US,31390
1247,4/7/20,US,30779
1248,4/8/20,US,31235
1249,4/9/20,US,35942
1250,4/10/20,US,34403
1251,4/11/20,US,29083
1252,4/12/20,US,27256
1253,4/13/20,US,26939
1254,4/14/20,US,28818
1255,4/15/20,US,25408
1256,4/16/20,US,30002
1257,4/17/20,US,33066
1258,4/18/20,US,27907
1259,4/19/20,US,26062
1260,4/20/20,US,29820
1261,4/21/20,US,25926
1262,4/22/20,US,28911
1263,4/23/20,US,33612
1264,4/24/20,US,32327
1265,4/25/20,US,30380
1266,4/26/20,US,26488
1267,4/27/20,US,23715
1268,4/28/20,US,24575
1269,4/29/20,US,26459
1270,4/30/20,US,29205
1271,5/1/20,US,34907
1272,5/2/20,US,27348
1273,5/3/20,US,24321
1274,5/4/20,US,24068
1275,5/5/20,US,24528
1276,5/6/20,US,24569
1277,5/7/20,US,27429
1278,5/8/20,US,26830
1279,5/9/20,US,25176
1280,5/10/20,US,18805
1281,5/11/20,US,19298
1282,5/12/20,US,22927
1283,5/13/20,US,20433
1284,5/14/20,US,26817
1285,5/15/20,US,24733
1286,5/16/20,US,24135
1287,5/17/20,US,18388
1288,5/18/20,US,22389
1289,5/19/20,US,20979
1290,5/20/20,US,22725
1291,5/21/20,US,25769
1292,5/22/20,US,23649
1293,5/23/20,US,21099
1294,5/24/20,US,20077
1295,5/25/20,US,18662
1296,5/26/20,US,19663
1297,5/27/20,US,18551
1298,5/28/20,US,22320
1299,5/29/20,US,24478
1300,5/30/20,US,23632
1301,5/31/20,US,18983
1302,6/1/20,US,17414
1303,6/2/20,US,21502
1304,6/3/20,US,19857
1305,6/4/20,US,21658
1306,6/5/20,US,25403
1307,6/6/20,US,21142
1308,6/7/20,US,17928
1309,6/8/20,US,17616
1310,6/9/20,US,18383
1311,6/10/20,US,21111
1312,6/11/20,US,23166
1313,6/12/20,US,24828
1314,6/13/20,US,25212
1315,6/14/20,US,18941
1316,6/15/20,US,19827
1317,6/16/20,US,23667
1318,6/17/20,US,27072
1319,6/18/20,US,28537
1320,6/19/20,US,31544
1321,6/20/20,US,32280
1322,6/21/20,US,25150
1323,6/22/20,US,32144
1324,6/23/20,US,37072
1325,6/24/20,US,35878
1326,6/25/20,US,40326
1327,6/26/20,US,45999
1328,6/27/20,US,41330
1329,6/28/20,US,40734
1330,6/29/20,US,41299
1331,6/30/20,US,46420
1332,7/1/20,US,51820
1333,7/2/20,US,56636
1334,7/3/20,US,51351
1335,7/4/20,US,45693
1336,7/5/20,US,50747
1337,7/6/20,US,43106
1338,7/7/20,US,60661
1339,7/8/20,US,60119
1340,7/9/20,US,62509
1341,7/10/20,US,68057
1342,7/11/20,US,60017
1343,7/12/20,US,58424
1344,7/13/20,US,58930
1345,7/14/20,US,68051
1346,7/15/20,US,68090
1347,7/16/20,US,75866
1348,7/17/20,US,72236
1349,7/18/20,US,62536
1350,7/19/20,US,60456
1351,7/20/20,US,62107
1352,7/21/20,US,64461
1353,7/22/20,US,70579
1354,7/23/20,US,68445
1355,7/24/20,US,73319
1356,7/25/20,US,64953
1357,7/26/20,US,54816
1358,7/27/20,US,56783
1359,7/28/20,US,66412
1360,7/29/20,US,71873
1361,7/30/20,US,67466
1362,7/31/20,US,68712
1363,8/1/20,US,56201
1364,8/2/20,US,45568
1365,8/3/20,US,45501
1366,8/4/20,US,58774
1367,8/5/20,US,54466
1368,8/6/20,US,59349
1369,8/7/20,US,59303
1370,8/8/20,US,54134
1371,8/9/20,US,45769
1372,8/10/20,US,47606
1373,8/11/20,US,48003
1374,8/12/20,US,56040
1375,8/13/20,US,51316
1376,8/14/20,US,65336
1377,8/15/20,US,46951
1378,8/16/20,US,39212
1379,8/17/20,US,36652
1380,8/18/20,US,45033
1381,8/19/20,US,47320
1382,8/20/20,US,44041
1383,8/21/20,US,48843
1384,8/22/20,US,43064
1385,8/23/20,US,34247
1386,8/24/20,US,36482
1387,8/25/20,US,40354
1388,8/26/20,US,45172
1389,8/27/20,US,45393
1390,8/28/20,US,46832
1391,8/29/20,US,42754
1392,8/30/20,US,34404
1393,8/31/20,US,35362
1394,9/1/20,US,41846
1395,9/2/20,US,41018
1396,9/3/20,US,44251
1397,9/4/20,US,50382
1398,9/5/20,US,43158
1399,9/6/20,US,31218
1400,9/7/20,US,23613
1401,9/8/20,US,27226
1402,9/9/20,US,34049
1403,9/10/20,US,36056
1404,9/11/20,US,47769
1405,9/12/20,US,41101
1406,9/13/20,US,34372
1407,9/14/20,US,34423
1408,9/15/20,US,39492
1409,9/16/20,US,39030
1410,9/17/20,US,45130
1411,9/18/20,US,49282
1412,9/19/20,US,42202
1413,9/20/20,US,38447
1414,9/21/20,US,51878
1415,9/22/20,US,39866
1416,9/23/20,US,39069
1417,9/24/20,US,47103
1418,9/25/20,US,48295
1419,9/26/20,US,44673
1420,9/27/20,US,37528
1421,9/28/20,US,33294
1422,9/29/20,US,43338
1423,9/30/20,US,39443
1424,10/1/20,US,45650
1425,10/2/20,US,54950
1426,10/3/20,US,48577
1427,10/4/20,US,35738
1428,10/5/20,US,39376
1429,10/6/20,US,45289
1430,10/7/20,US,51056
1431,10/8/20,US,58599
1432,10/9/20,US,56384
1433,10/10/20,US,54953
1434,10/11/20,US,45981
1435,10/12/20,US,41774
1436,10/13/20,US,52231
1437,10/14/20,US,59778
1438,10/15/20,US,64880
1439,10/16/20,US,69147
1440,10/17/20,US,56759
1441,10/18/20,US,49367
1442,10/19/20,US,67717
1443,10/20/20,US,61956
1444,10/21/20,US,63301
1445,10/22/20,US,76310
1446,10/23/20,US,81933
1447,10/24/20,US,82767
1448,10/25/20,US,62204
1449,10/26/20,US,67310
1450,10/27/20,US,76838
1451,10/28/20,US,79426
1452,10/29/20,US,91019
1453,10/30/20,US,99264
1454,10/31/20,US,89754
1455,11/1/20,US,104900
1456,11/2/20,US,85211
1457,11/3/20,US,127198
1458,11/4/20,US,104541
1459,11/5/20,US,129367
1460,11/6/20,US,128033
1461,11/7/20,US,127510
1462,11/8/20,US,115170
1463,11/9/20,US,120434
1464,11/10/20,US,140504
1465,11/11/20,US,146750
1466,11/12/20,US,164750
1467,11/13/20,US,180398
1468,11/14/20,US,167926
1469,11/15/20,US,136356
1470,11/16/20,US,162624
1471,11/17/20,US,163958
1472,11/18/20,US,173251
1473,11/19/20,US,191510
1474,11/20/20,US,198333
1475,11/21/20,US,179436
1476,11/22/20,US,146947
1477,11/23/20,US,174089
1478,11/24/20,US,175544
1479,11/25/20,US,183403
1480,11/26/20,US,112526
1481,11/27/20,US,207933
1482,11/28/20,US,155661
1483,11/29/20,US,140328
1484,11/30/20,US,160321
1485,12/1/20,US,188339
1486,12/2/20,US,202894
1487,12/3/20,US,223421
1488,12/4/20,US,232644
1489,12/5/20,US,215811
1490,12/6/20,US,181253
1491,12/7/20,US,194409
1492,12/8/20,US,224452
1493,12/9/20,US,222648
1494,12/10/20,US,231428
1495,12/11/20,US,240089
1496,12/12/20,US,217797
1497,12/13/20,US,187971
1498,12/14/20,US,194314
1499,12/15/20,US,208992
1500,12/16/20,US,246644
1501,12/17/20,US,239922
1502,12/18/20,US,251820
1503,12/19/20,US,192103
1504,12/20/20,US,188004
1505,12/21/20,US,198703
1506,12/22/20,US,198123
1507,12/23/20,US,229625
1508,12/24/20,US,194138
1509,12/25/20,US,97880
1510,12/26/20,US,226416
1511,12/27/20,US,155845
1512,12/28/20,US,174152
1513,12/29/20,US,200439
1514,12/30/20,US,233691
1515,12/31/20,US,235584
1516,1/1/21,US,153911
1517,1/2/21,US,300462
1518,1/3/21,US,208853
1519,1/4/21,US,184005
1520,1/5/21,US,235042
1521,1/6/21,US,255660
1522,1/7/21,US,278314
1523,1/8/21,US,295257
1524,1/9/21,US,260967
1525,1/10/21,US,213415
1526,1/11/21,US,214687
1527,1/12/21,US,226944
1528,1/13/21,US,230301
1529,1/14/21,US,235766
1530,1/15/21,US,242866
1531,1/16/21,US,201858
1532,1/17/21,US,177845
1533,1/18/21,US,143598
1534,1/19/21,US,176216
1535,1/20/21,US,183261
1536,1/21/21,US,193872
1537,1/22/21,US,190758
1538,1/23/21,US,170745
1539,1/24/21,US,131198
1540,1/25/21,US,151677
1541,1/26/21,US,147626
1542,1/27/21,US,153961
1543,1/28/21,US,168804
1544,1/29/21,US,166622
1545,1/30/21,US,142473
1546,1/31/21,US,112152
1547,2/1/21,US,134952
1548,2/2/21,US,115307
1549,2/3/21,US,121697
1550,2/4/21,US,123996
1551,2/5/21,US,134422
1552,2/6/21,US,104193
1553,2/7/21,US,89729
1554,2/8/21,US,90445
1555,2/9/21,US,95258
1556,2/10/21,US,95270
1557,2/11/21,US,105763
1558,2/12/21,US,99651
1559,2/13/21,US,87219
1560,2/14/21,US,65153
1561,2/15/21,US,54261
1562,2/16/21,US,62498
1563,2/17/21,US,70152
1564,2/18/21,US,69898
1565,2/19/21,US,79282
1566,2/20/21,US,71700
1567,2/21/21,US,57152
1568,2/22/21,US,56165
1569,2/23/21,US,72260
1570,2/24/21,US,74749
1571,2/25/21,US,77504
1572,2/26/21,US,77349
1573,2/27/21,US,64626
1574,2/28/21,US,51422
1575,3/1/21,US,58098
1576,3/2/21,US,57147
1577,3/3/21,US,67142
1578,3/4/21,US,68070
1579,3/5/21,US,66419
1580,3/6/21,US,58265
1581,3/7/21,US,41073
1582,3/8/21,US,44896
1583,3/9/21,US,57678
1584,3/10/21,US,57890
1585,3/11/21,US,62465
1586,3/12/21,US,61513
1587,3/13/21,US,53031
1588,3/14/21,US,38278
1589,3/15/21,US,56541
1590,3/16/21,US,54008
1591,3/17/21,US,59316
1592,3/18/21,US,60391
1593,3/19/21,US,61680
1594,3/20/21,US,55523
1595,3/21/21,US,33828
1596,3/22/21,US,51436
1597,3/23/21,US,53706
1598,3/24/21,US,86829
1599,3/25/21,US,67546
1600,3/26/21,US,77377
1601,3/27/21,US,62848
1602,3/28/21,US,43217
1603,3/29/21,US,69273
1604,3/30/21,US,61429
1605,3/31/21,US,66765
1606,4/1/21,US,79143
1607,4/2/21,US,69887
1608,4/3/21,US,63261
1609,4/4/21,US,35141
1610,4/5/21,US,77372
1611,4/6/21,US,60674
1612,4/7/21,US,75030
1613,4/8/21,US,79885
1614,4/9/21,US,82710
1615,4/10/21,US,66687
1616,4/11/21,US,46509
1617,4/12/21,US,70082
1618,4/13/21,US,77959
1619,4/14/21,US,75403
1620,4/15/21,US,74314
1621,4/16/21,US,80065
1622,4/17/21,US,52532
1623,4/18/21,US,42121
1624,4/19/21,US,68105
1625,4/20/21,US,60949
1626,4/21/21,US,62858
1627,4/22/21,US,67275
1628,4/23/21,US,62423
1629,4/24/21,US,53495
1630,4/25/21,US,32153
1631,4/26/21,US,47556
1632,4/27/21,US,50836
1633,4/28/21,US,55155
1634,4/29/21,US,58251
1635,4/30/21,US,57914
1636,5/1/21,US,45404
1637,5/2/21,US,29390
1638,5/3/21,US,50491
1639,5/4/21,US,40723
1640,5/5/21,US,44730
1641,5/6/21,US,47531
1642,5/7/21,US,48188
1643,5/8/21,US,33617
1644,5/9/21,US,21440
1645,5/10/21,US,36785
1646,5/11/21,US,33662
1647,5/12/21,US,35826
1648,5/13/21,US,38076
1649,5/14/21,US,42260
1650,5/15/21,US,28857
1651,5/16/21,US,16878
1652,5/17/21,US,28621
1653,5/18/21,US,27786
1654,5/19/21,US,29321
1655,5/20/21,US,30186
1656,5/21/21,US,27946
1657,5/22/21,US,19798
1658,5/23/21,US,12913
1659,5/24/21,US,25770
1660,5/25/21,US,22755
1661,5/26/21,US,23960
1662,5/27/21,US,27491
1663,5/28/21,US,21816
1664,5/29/21,US,12001
1665,5/30/21,US,6734
1666,5/31/21,US,5775
1667,6/1/21,US,22940
1668,6/2/21,US,16944
1669,6/3/21,US,19101
1670,6/4/21,US,16850
1671,6/5/21,US,13937
1672,6/6/21,US,5395
1673,6/7/21,US,15448
1674,6/8/21,US,12982
1675,6/9/21,US,18647
1676,6/10/21,US,14545
1677,6/11/21,US,24699
1678,6/12/21,US,8228
1679,6/13/21,US,4777
1680,6/14/21,US,12745
1681,6/15/21,US,11302
1682,6/16/21,US,12431
1683,6/17/21,US,10380
1684,6/18/21,US,20598
1685,6/19/21,US,8524
1686,6/20/21,US,3892
1687,6/21/21,US,12320
1688,6/22/21,US,10976
1689,6/23/21,US,12445
1690,6/24/21,US,12846
1691,6/25/21,US,23656
1692,6/26/21,US,7308
1693,6/27/21,US,3920
1694,6/28/21,US,15085
1695,6/29/21,US,11339
1696,6/30/21,US,13139
1697,7/1/21,US,14442
1698,7/2/21,US,29899
1699,7/3/21,US,4753
1700,7/4/21,US,3697
1701,7/5/21,US,5528
1702,7/6/21,US,24250
1703,7/7/21,US,22884
1704,7/8/21,US,20076
1705,7/9/21,US,48226
1706,7/10/21,US,9066
1707,7/11/21,US,6164
1708,7/12/21,US,34995
1709,7/13/21,US,26442
1710,7/14/21,US,31878
1711,7/15/21,US,28351
1712,7/16/21,US,79310
1713,7/17/21,US,12986
1714,7/18/21,US,12048
1715,7/19/21,US,52085
1716,7/20/21,US,42703
1717,7/21/21,US,52032
1718,7/22/21,US,56842
1719,7/23/21,US,119158
1720,7/24/21,US,27802
1721,7/25/21,US,13213
1722,7/26/21,US,89358
1723,7/27/21,US,70740
1724,7/28/21,US,68771
1725,7/29/21,US,78170
1726,7/30/21,US,194608
1727,7/31/21,US,32808
1728,8/1/21,US,25141
1729,8/2/21,US,127976
1730,8/3/21,US,106557
1731,8/4/21,US,92714
1732,8/5/21,US,109824
1733,8/6/21,US,254981
1734,8/7/21,US,44082
1735,8/8/21,US,24234
1736,8/9/21,US,184476
1737,8/10/21,US,106847
1738,8/11/21,US,135071
1739,8/12/21,US,116621
1740,8/13/21,US,290764
1741,8/14/21,US,42707
1742,8/15/21,US,38482
1743,8/16/21,US,210199
1744,8/17/21,US,128902
1745,8/18/21,US,137815
1746,8/19/21,US,138472
1747,8/20/21,US,319494
1748,8/21/21,US,62678
1749,8/22/21,US,33497
1750,8/23/21,US,229831
1751,8/24/21,US,135245
1752,8/25/21,US,148143
1753,8/26/21,US,161331
1754,8/27/21,US,322934
1755,8/28/21,US,53069
1756,8/29/21,US,38473
1757,8/30/21,US,258532
